[2026-05-12 05:06:57] local.ERROR: Call to undefined function Illuminate\Support\mb_split() {"exception":"[object] (Error(code: 0): Call to undefined function Illuminate\\Support\\mb_split() at D:/Tugas Kuliah/Semester 6/Pemrograman Web/praktikum-6/vendor/laravel/framework/src/Illuminate/Support/Str.php:1722)
[stacktrace]
#0 D:/Tugas Kuliah/Semester 6/Pemrograman Web/praktikum-6/vendor/laravel/framework/src/Illuminate/Database/Migrations/Migrator.php(569): Illuminate/Support/Str::studly('create_users_ta...')
#1 D:/Tugas Kuliah/Semester 6/Pemrograman Web/praktikum-6/vendor/laravel/framework/src/Illuminate/Database/Migrations/Migrator.php(544): Illuminate/Database/Migrations/Migrator->getMigrationClass('0001_01_01_0000...')
#2 D:/Tugas Kuliah/Semester 6/Pemrograman Web/praktikum-6/vendor/laravel/framework/src/Illuminate/Database/Migrations/Migrator.php(236): Illuminate/Database/Migrations/Migrator->resolvePath('D://Tugas Kuliah...')
#3 D:/Tugas Kuliah/Semester 6/Pemrograman Web/praktikum-6/vendor/laravel/framework/src/Illuminate/Database/Migrations/Migrator.php(211): Illuminate/Database/Migrations/Migrator->runUp('D://Tugas Kuliah...', 1, false)
#4 D:/Tugas Kuliah/Semester 6/Pemrograman Web/praktikum-6/vendor/laravel/framework/src/Illuminate/Database/Migrations/Migrator.php(138): Illuminate/Database/Migrations/Migrator->runPending(Array, Array)
#5 D:/Tugas Kuliah/Semester 6/Pemrograman Web/praktikum-6/vendor/laravel/framework/src/Illuminate/Database/Console/Migrations/MigrateCommand.php(116): Illuminate/Database/Migrations/Migrator->run(Array, Array)
#6 D:/Tugas Kuliah/Semester 6/Pemrograman Web/praktikum-6/vendor/laravel/framework/src/Illuminate/Database/Migrations/Migrator.php(671): Illuminate/Database/Console/Migrations/MigrateCommand->Illuminate/Database/Console/Migrations/{closure}()
#7 D:/Tugas Kuliah/Semester 6/Pemrograman Web/praktikum-6/vendor/laravel/framework/src/Illuminate/Database/Console/Migrations/MigrateCommand.php(109): Illuminate/Database/Migrations/Migrator->usingConnection(NULL, Object(Closure))
#8 D:/Tugas Kuliah/Semester 6/Pemrograman Web/praktikum-6/vendor/laravel/framework/src/Illuminate/Database/Console/Migrations/MigrateCommand.php(88): Illuminate/Database/Console/Migrations/MigrateCommand->runMigrations()
#9 D:/Tugas Kuliah/Semester 6/Pemrograman Web/praktikum-6/vendor/laravel/framework/src/Illuminate/Container/BoundMethod.php(36): Illuminate/Database/Console/Migrations/MigrateCommand->handle()
#10 D:/Tugas Kuliah/Semester 6/Pemrograman Web/praktikum-6/vendor/laravel/framework/src/Illuminate/Container/Util.php(43): Illuminate/Container/BoundMethod::Illuminate/Container/{closure}()
#11 D:/Tugas Kuliah/Semester 6/Pemrograman Web/praktikum-6/vendor/laravel/framework/src/Illuminate/Container/BoundMethod.php(96): Illuminate/Container/Util::unwrapIfClosure(Object(Closure))
#12 D:/Tugas Kuliah/Semester 6/Pemrograman Web/praktikum-6/vendor/laravel/framework/src/Illuminate/Container/BoundMethod.php(35): Illuminate/Container/BoundMethod::callBoundMethod(Object(Illuminate/Foundation/Application), Array, Object(Closure))
#13 D:/Tugas Kuliah/Semester 6/Pemrograman Web/praktikum-6/vendor/laravel/framework/src/Illuminate/Container/Container.php(799): Illuminate/Container/BoundMethod::call(Object(Illuminate/Foundation/Application), Array, Array, NULL)
#14 D:/Tugas Kuliah/Semester 6/Pemrograman Web/praktikum-6/vendor/laravel/framework/src/Illuminate/Console/Command.php(211): Illuminate/Container/Container->call(Array)
#15 D:/Tugas Kuliah/Semester 6/Pemrograman Web/praktikum-6/vendor/symfony/console/Command/Command.php(341): Illuminate/Console/Command->execute(Object(Symfony/Component/Console/Input/ArgvInput), Object(Illuminate/Console/OutputStyle))
#16 D:/Tugas Kuliah/Semester 6/Pemrograman Web/praktikum-6/vendor/laravel/framework/src/Illuminate/Console/Command.php(180): Symfony/Component/Console/Command/Command->run(Object(Symfony/Component/Console/Input/ArgvInput), Object(Illuminate/Console/OutputStyle))
#17 D:/Tugas Kuliah/Semester 6/Pemrograman Web/praktikum-6/vendor/symfony/console/Application.php(1117): Illuminate/Console/Command->run(Object(Symfony/Component/Console/Input/ArgvInput), Object(Symfony/Component/Console/Output/ConsoleOutput))
#18 D:/Tugas Kuliah/Semester 6/Pemrograman Web/praktikum-6/vendor/symfony/console/Application.php(356): Symfony/Component/Console/Application->doRunCommand(Object(Illuminate/Database/Console/Migrations/MigrateCommand), Object(Symfony/Component/Console/Input/ArgvInput), Object(Symfony/Component/Console/Output/ConsoleOutput))
#19 D:/Tugas Kuliah/Semester 6/Pemrograman Web/praktikum-6/vendor/symfony/console/Application.php(195): Symfony/Component/Console/Application->doRun(Object(Symfony/Component/Console/Input/ArgvInput), Object(Symfony/Component/Console/Output/ConsoleOutput))
#20 D:/Tugas Kuliah/Semester 6/Pemrograman Web/praktikum-6/vendor/laravel/framework/src/Illuminate/Foundation/Console/Kernel.php(198): Symfony/Component/Console/Application->run(Object(Symfony/Component/Console/Input/ArgvInput), Object(Symfony/Component/Console/Output/ConsoleOutput))
#21 D:/Tugas Kuliah/Semester 6/Pemrograman Web/praktikum-6/vendor/laravel/framework/src/Illuminate/Foundation/Application.php(1235): Illuminate/Foundation/Console/Kernel->handle(Object(Symfony/Component/Console/Input/ArgvInput), Object(Symfony/Component/Console/Output/ConsoleOutput))
#22 D:/Tugas Kuliah/Semester 6/Pemrograman Web/praktikum-6/artisan(16): Illuminate/Foundation/Application->handleCommand(Object(Symfony/Component/Console/Input/ArgvInput))
#23 {main}
"} 
[2026-05-19 13:17:51] local.ERROR: Call to undefined function Illuminate\Support\mb_split() {"exception":"[object] (Error(code: 0): Call to undefined function Illuminate\\Support\\mb_split() at D:/Tugas Kuliah/Semester 6/Pemrograman Web/praktikum-6/vendor/laravel/framework/src/Illuminate/Support/Str.php:1722)
[stacktrace]
#0 D:/Tugas Kuliah/Semester 6/Pemrograman Web/praktikum-6/vendor/laravel/framework/src/Illuminate/Support/Manager.php(98): Illuminate/Support/Str::studly('bcrypt')
#1 D:/Tugas Kuliah/Semester 6/Pemrograman Web/praktikum-6/vendor/laravel/framework/src/Illuminate/Support/Manager.php(78): Illuminate/Support/Manager->createDriver('bcrypt')
#2 D:/Tugas Kuliah/Semester 6/Pemrograman Web/praktikum-6/vendor/laravel/framework/src/Illuminate/Hashing/HashManager.php(63): Illuminate/Support/Manager->driver()
#3 D:/Tugas Kuliah/Semester 6/Pemrograman Web/praktikum-6/vendor/laravel/framework/src/Illuminate/Support/Facades/Facade.php(363): Illuminate/Hashing/HashManager->make(Object(SensitiveParameterValue))
#4 D:/Tugas Kuliah/Semester 6/Pemrograman Web/praktikum-6/database/factories/UserFactory.php(30): Illuminate/Support/Facades/Facade::__callStatic('make', Array)
#5 D:/Tugas Kuliah/Semester 6/Pemrograman Web/praktikum-6/vendor/laravel/framework/src/Illuminate/Database/Eloquent/Factories/Factory.php(550): Database/Factories/UserFactory->definition()
#6 D:/Tugas Kuliah/Semester 6/Pemrograman Web/praktikum-6/vendor/laravel/framework/src/Illuminate/Database/Eloquent/Factories/Factory.php(529): Illuminate/Database/Eloquent/Factories/Factory->getRawAttributes(NULL)
#7 D:/Tugas Kuliah/Semester 6/Pemrograman Web/praktikum-6/vendor/laravel/framework/src/Illuminate/Database/Eloquent/Factories/Factory.php(513): Illuminate/Database/Eloquent/Factories/Factory->getExpandedAttributes(NULL)
#8 D:/Tugas Kuliah/Semester 6/Pemrograman Web/praktikum-6/vendor/laravel/framework/src/Illuminate/Database/Eloquent/Concerns/GuardsAttributes.php(151): Illuminate/Database/Eloquent/Factories/Factory->Illuminate/Database/Eloquent/Factories/{closure}()
#9 D:/Tugas Kuliah/Semester 6/Pemrograman Web/praktikum-6/vendor/laravel/framework/src/Illuminate/Database/Eloquent/Factories/Factory.php(512): Illuminate/Database/Eloquent/Model::unguarded(Object(Closure))
#10 D:/Tugas Kuliah/Semester 6/Pemrograman Web/praktikum-6/vendor/laravel/framework/src/Illuminate/Database/Eloquent/Factories/Factory.php(429): Illuminate/Database/Eloquent/Factories/Factory->makeInstance(NULL)
#11 D:/Tugas Kuliah/Semester 6/Pemrograman Web/praktikum-6/vendor/laravel/framework/src/Illuminate/Database/Eloquent/Factories/Factory.php(318): Illuminate/Database/Eloquent/Factories/Factory->make(Array, NULL)
#12 D:/Tugas Kuliah/Semester 6/Pemrograman Web/praktikum-6/vendor/laravel/framework/src/Illuminate/Database/Eloquent/Factories/Factory.php(315): Illuminate/Database/Eloquent/Factories/Factory->create(Array, NULL)
#13 D:/Tugas Kuliah/Semester 6/Pemrograman Web/praktikum-6/database/seeders/DatabaseSeeder.php(18): Illuminate/Database/Eloquent/Factories/Factory->create(Array)
#14 D:/Tugas Kuliah/Semester 6/Pemrograman Web/praktikum-6/vendor/laravel/framework/src/Illuminate/Container/BoundMethod.php(36): Database/Seeders/DatabaseSeeder->run()
#15 D:/Tugas Kuliah/Semester 6/Pemrograman Web/praktikum-6/vendor/laravel/framework/src/Illuminate/Container/Util.php(43): Illuminate/Container/BoundMethod::Illuminate/Container/{closure}()
#16 D:/Tugas Kuliah/Semester 6/Pemrograman Web/praktikum-6/vendor/laravel/framework/src/Illuminate/Container/BoundMethod.php(96): Illuminate/Container/Util::unwrapIfClosure(Object(Closure))
#17 D:/Tugas Kuliah/Semester 6/Pemrograman Web/praktikum-6/vendor/laravel/framework/src/Illuminate/Container/BoundMethod.php(35): Illuminate/Container/BoundMethod::callBoundMethod(Object(Illuminate/Foundation/Application), Array, Object(Closure))
#18 D:/Tugas Kuliah/Semester 6/Pemrograman Web/praktikum-6/vendor/laravel/framework/src/Illuminate/Container/Container.php(799): Illuminate/Container/BoundMethod::call(Object(Illuminate/Foundation/Application), Array, Array, NULL)
#19 D:/Tugas Kuliah/Semester 6/Pemrograman Web/praktikum-6/vendor/laravel/framework/src/Illuminate/Database/Seeder.php(184): Illuminate/Container/Container->call(Array, Array)
#20 D:/Tugas Kuliah/Semester 6/Pemrograman Web/praktikum-6/vendor/laravel/framework/src/Illuminate/Database/Seeder.php(193): Illuminate/Database/Seeder->Illuminate/Database/{closure}()
#21 D:/Tugas Kuliah/Semester 6/Pemrograman Web/praktikum-6/vendor/laravel/framework/src/Illuminate/Database/Console/Seeds/SeedCommand.php(71): Illuminate/Database/Seeder->__invoke()
#22 D:/Tugas Kuliah/Semester 6/Pemrograman Web/praktikum-6/vendor/laravel/framework/src/Illuminate/Database/Eloquent/Concerns/GuardsAttributes.php(157): Illuminate/Database/Console/Seeds/SeedCommand->Illuminate/Database/Console/Seeds/{closure}()
#23 D:/Tugas Kuliah/Semester 6/Pemrograman Web/praktikum-6/vendor/laravel/framework/src/Illuminate/Database/Console/Seeds/SeedCommand.php(70): Illuminate/Database/Eloquent/Model::unguarded(Object(Closure))
#24 D:/Tugas Kuliah/Semester 6/Pemrograman Web/praktikum-6/vendor/laravel/framework/src/Illuminate/Container/BoundMethod.php(36): Illuminate/Database/Console/Seeds/SeedCommand->handle()
#25 D:/Tugas Kuliah/Semester 6/Pemrograman Web/praktikum-6/vendor/laravel/framework/src/Illuminate/Container/Util.php(43): Illuminate/Container/BoundMethod::Illuminate/Container/{closure}()
#26 D:/Tugas Kuliah/Semester 6/Pemrograman Web/praktikum-6/vendor/laravel/framework/src/Illuminate/Container/BoundMethod.php(96): Illuminate/Container/Util::unwrapIfClosure(Object(Closure))
#27 D:/Tugas Kuliah/Semester 6/Pemrograman Web/praktikum-6/vendor/laravel/framework/src/Illuminate/Container/BoundMethod.php(35): Illuminate/Container/BoundMethod::callBoundMethod(Object(Illuminate/Foundation/Application), Array, Object(Closure))
#28 D:/Tugas Kuliah/Semester 6/Pemrograman Web/praktikum-6/vendor/laravel/framework/src/Illuminate/Container/Container.php(799): Illuminate/Container/BoundMethod::call(Object(Illuminate/Foundation/Application), Array, Array, NULL)
#29 D:/Tugas Kuliah/Semester 6/Pemrograman Web/praktikum-6/vendor/laravel/framework/src/Illuminate/Console/Command.php(211): Illuminate/Container/Container->call(Array)
#30 D:/Tugas Kuliah/Semester 6/Pemrograman Web/praktikum-6/vendor/symfony/console/Command/Command.php(341): Illuminate/Console/Command->execute(Object(Symfony/Component/Console/Input/ArgvInput), Object(Illuminate/Console/OutputStyle))
#31 D:/Tugas Kuliah/Semester 6/Pemrograman Web/praktikum-6/vendor/laravel/framework/src/Illuminate/Console/Command.php(180): Symfony/Component/Console/Command/Command->run(Object(Symfony/Component/Console/Input/ArgvInput), Object(Illuminate/Console/OutputStyle))
#32 D:/Tugas Kuliah/Semester 6/Pemrograman Web/praktikum-6/vendor/symfony/console/Application.php(1117): Illuminate/Console/Command->run(Object(Symfony/Component/Console/Input/ArgvInput), Object(Symfony/Component/Console/Output/ConsoleOutput))
#33 D:/Tugas Kuliah/Semester 6/Pemrograman Web/praktikum-6/vendor/symfony/console/Application.php(356): Symfony/Component/Console/Application->doRunCommand(Object(Illuminate/Database/Console/Seeds/SeedCommand), Object(Symfony/Component/Console/Input/ArgvInput), Object(Symfony/Component/Console/Output/ConsoleOutput))
#34 D:/Tugas Kuliah/Semester 6/Pemrograman Web/praktikum-6/vendor/symfony/console/Application.php(195): Symfony/Component/Console/Application->doRun(Object(Symfony/Component/Console/Input/ArgvInput), Object(Symfony/Component/Console/Output/ConsoleOutput))
#35 D:/Tugas Kuliah/Semester 6/Pemrograman Web/praktikum-6/vendor/laravel/framework/src/Illuminate/Foundation/Console/Kernel.php(198): Symfony/Component/Console/Application->run(Object(Symfony/Component/Console/Input/ArgvInput), Object(Symfony/Component/Console/Output/ConsoleOutput))
#36 D:/Tugas Kuliah/Semester 6/Pemrograman Web/praktikum-6/vendor/laravel/framework/src/Illuminate/Foundation/Application.php(1235): Illuminate/Foundation/Console/Kernel->handle(Object(Symfony/Component/Console/Input/ArgvInput), Object(Symfony/Component/Console/Output/ConsoleOutput))
#37 D:/Tugas Kuliah/Semester 6/Pemrograman Web/praktikum-6/artisan(16): Illuminate/Foundation/Application->handleCommand(Object(Symfony/Component/Console/Input/ArgvInput))
#38 {main}
"} 
[2026-05-19 13:18:59] local.ERROR: Call to undefined function Illuminate\Support\mb_split() {"exception":"[object] (Error(code: 0): Call to undefined function Illuminate\\Support\\mb_split() at D:/Tugas Kuliah/Semester 6/Pemrograman Web/praktikum-6/vendor/laravel/framework/src/Illuminate/Support/Str.php:1722)
[stacktrace]
#0 D:/Tugas Kuliah/Semester 6/Pemrograman Web/praktikum-6/vendor/laravel/framework/src/Illuminate/Support/Manager.php(98): Illuminate/Support/Str::studly('bcrypt')
#1 D:/Tugas Kuliah/Semester 6/Pemrograman Web/praktikum-6/vendor/laravel/framework/src/Illuminate/Support/Manager.php(78): Illuminate/Support/Manager->createDriver('bcrypt')
#2 D:/Tugas Kuliah/Semester 6/Pemrograman Web/praktikum-6/vendor/laravel/framework/src/Illuminate/Hashing/HashManager.php(63): Illuminate/Support/Manager->driver()
#3 D:/Tugas Kuliah/Semester 6/Pemrograman Web/praktikum-6/vendor/laravel/framework/src/Illuminate/Support/Facades/Facade.php(363): Illuminate/Hashing/HashManager->make(Object(SensitiveParameterValue))
#4 D:/Tugas Kuliah/Semester 6/Pemrograman Web/praktikum-6/database/factories/UserFactory.php(30): Illuminate/Support/Facades/Facade::__callStatic('make', Array)
#5 D:/Tugas Kuliah/Semester 6/Pemrograman Web/praktikum-6/vendor/laravel/framework/src/Illuminate/Database/Eloquent/Factories/Factory.php(550): Database/Factories/UserFactory->definition()
#6 D:/Tugas Kuliah/Semester 6/Pemrograman Web/praktikum-6/vendor/laravel/framework/src/Illuminate/Database/Eloquent/Factories/Factory.php(529): Illuminate/Database/Eloquent/Factories/Factory->getRawAttributes(NULL)
#7 D:/Tugas Kuliah/Semester 6/Pemrograman Web/praktikum-6/vendor/laravel/framework/src/Illuminate/Database/Eloquent/Factories/Factory.php(513): Illuminate/Database/Eloquent/Factories/Factory->getExpandedAttributes(NULL)
#8 D:/Tugas Kuliah/Semester 6/Pemrograman Web/praktikum-6/vendor/laravel/framework/src/Illuminate/Database/Eloquent/Concerns/GuardsAttributes.php(151): Illuminate/Database/Eloquent/Factories/Factory->Illuminate/Database/Eloquent/Factories/{closure}()
#9 D:/Tugas Kuliah/Semester 6/Pemrograman Web/praktikum-6/vendor/laravel/framework/src/Illuminate/Database/Eloquent/Factories/Factory.php(512): Illuminate/Database/Eloquent/Model::unguarded(Object(Closure))
#10 D:/Tugas Kuliah/Semester 6/Pemrograman Web/praktikum-6/vendor/laravel/framework/src/Illuminate/Database/Eloquent/Factories/Factory.php(429): Illuminate/Database/Eloquent/Factories/Factory->makeInstance(NULL)
#11 D:/Tugas Kuliah/Semester 6/Pemrograman Web/praktikum-6/vendor/laravel/framework/src/Illuminate/Database/Eloquent/Factories/Factory.php(318): Illuminate/Database/Eloquent/Factories/Factory->make(Array, NULL)
#12 D:/Tugas Kuliah/Semester 6/Pemrograman Web/praktikum-6/vendor/laravel/framework/src/Illuminate/Database/Eloquent/Factories/Factory.php(315): Illuminate/Database/Eloquent/Factories/Factory->create(Array, NULL)
#13 D:/Tugas Kuliah/Semester 6/Pemrograman Web/praktikum-6/database/seeders/DatabaseSeeder.php(18): Illuminate/Database/Eloquent/Factories/Factory->create(Array)
#14 D:/Tugas Kuliah/Semester 6/Pemrograman Web/praktikum-6/vendor/laravel/framework/src/Illuminate/Container/BoundMethod.php(36): Database/Seeders/DatabaseSeeder->run()
#15 D:/Tugas Kuliah/Semester 6/Pemrograman Web/praktikum-6/vendor/laravel/framework/src/Illuminate/Container/Util.php(43): Illuminate/Container/BoundMethod::Illuminate/Container/{closure}()
#16 D:/Tugas Kuliah/Semester 6/Pemrograman Web/praktikum-6/vendor/laravel/framework/src/Illuminate/Container/BoundMethod.php(96): Illuminate/Container/Util::unwrapIfClosure(Object(Closure))
#17 D:/Tugas Kuliah/Semester 6/Pemrograman Web/praktikum-6/vendor/laravel/framework/src/Illuminate/Container/BoundMethod.php(35): Illuminate/Container/BoundMethod::callBoundMethod(Object(Illuminate/Foundation/Application), Array, Object(Closure))
#18 D:/Tugas Kuliah/Semester 6/Pemrograman Web/praktikum-6/vendor/laravel/framework/src/Illuminate/Container/Container.php(799): Illuminate/Container/BoundMethod::call(Object(Illuminate/Foundation/Application), Array, Array, NULL)
#19 D:/Tugas Kuliah/Semester 6/Pemrograman Web/praktikum-6/vendor/laravel/framework/src/Illuminate/Database/Seeder.php(184): Illuminate/Container/Container->call(Array, Array)
#20 D:/Tugas Kuliah/Semester 6/Pemrograman Web/praktikum-6/vendor/laravel/framework/src/Illuminate/Database/Seeder.php(193): Illuminate/Database/Seeder->Illuminate/Database/{closure}()
#21 D:/Tugas Kuliah/Semester 6/Pemrograman Web/praktikum-6/vendor/laravel/framework/src/Illuminate/Database/Console/Seeds/SeedCommand.php(71): Illuminate/Database/Seeder->__invoke()
#22 D:/Tugas Kuliah/Semester 6/Pemrograman Web/praktikum-6/vendor/laravel/framework/src/Illuminate/Database/Eloquent/Concerns/GuardsAttributes.php(157): Illuminate/Database/Console/Seeds/SeedCommand->Illuminate/Database/Console/Seeds/{closure}()
#23 D:/Tugas Kuliah/Semester 6/Pemrograman Web/praktikum-6/vendor/laravel/framework/src/Illuminate/Database/Console/Seeds/SeedCommand.php(70): Illuminate/Database/Eloquent/Model::unguarded(Object(Closure))
#24 D:/Tugas Kuliah/Semester 6/Pemrograman Web/praktikum-6/vendor/laravel/framework/src/Illuminate/Container/BoundMethod.php(36): Illuminate/Database/Console/Seeds/SeedCommand->handle()
#25 D:/Tugas Kuliah/Semester 6/Pemrograman Web/praktikum-6/vendor/laravel/framework/src/Illuminate/Container/Util.php(43): Illuminate/Container/BoundMethod::Illuminate/Container/{closure}()
#26 D:/Tugas Kuliah/Semester 6/Pemrograman Web/praktikum-6/vendor/laravel/framework/src/Illuminate/Container/BoundMethod.php(96): Illuminate/Container/Util::unwrapIfClosure(Object(Closure))
#27 D:/Tugas Kuliah/Semester 6/Pemrograman Web/praktikum-6/vendor/laravel/framework/src/Illuminate/Container/BoundMethod.php(35): Illuminate/Container/BoundMethod::callBoundMethod(Object(Illuminate/Foundation/Application), Array, Object(Closure))
#28 D:/Tugas Kuliah/Semester 6/Pemrograman Web/praktikum-6/vendor/laravel/framework/src/Illuminate/Container/Container.php(799): Illuminate/Container/BoundMethod::call(Object(Illuminate/Foundation/Application), Array, Array, NULL)
#29 D:/Tugas Kuliah/Semester 6/Pemrograman Web/praktikum-6/vendor/laravel/framework/src/Illuminate/Console/Command.php(211): Illuminate/Container/Container->call(Array)
#30 D:/Tugas Kuliah/Semester 6/Pemrograman Web/praktikum-6/vendor/symfony/console/Command/Command.php(341): Illuminate/Console/Command->execute(Object(Symfony/Component/Console/Input/ArgvInput), Object(Illuminate/Console/OutputStyle))
#31 D:/Tugas Kuliah/Semester 6/Pemrograman Web/praktikum-6/vendor/laravel/framework/src/Illuminate/Console/Command.php(180): Symfony/Component/Console/Command/Command->run(Object(Symfony/Component/Console/Input/ArgvInput), Object(Illuminate/Console/OutputStyle))
#32 D:/Tugas Kuliah/Semester 6/Pemrograman Web/praktikum-6/vendor/symfony/console/Application.php(1117): Illuminate/Console/Command->run(Object(Symfony/Component/Console/Input/ArgvInput), Object(Symfony/Component/Console/Output/ConsoleOutput))
#33 D:/Tugas Kuliah/Semester 6/Pemrograman Web/praktikum-6/vendor/symfony/console/Application.php(356): Symfony/Component/Console/Application->doRunCommand(Object(Illuminate/Database/Console/Seeds/SeedCommand), Object(Symfony/Component/Console/Input/ArgvInput), Object(Symfony/Component/Console/Output/ConsoleOutput))
#34 D:/Tugas Kuliah/Semester 6/Pemrograman Web/praktikum-6/vendor/symfony/console/Application.php(195): Symfony/Component/Console/Application->doRun(Object(Symfony/Component/Console/Input/ArgvInput), Object(Symfony/Component/Console/Output/ConsoleOutput))
#35 D:/Tugas Kuliah/Semester 6/Pemrograman Web/praktikum-6/vendor/laravel/framework/src/Illuminate/Foundation/Console/Kernel.php(198): Symfony/Component/Console/Application->run(Object(Symfony/Component/Console/Input/ArgvInput), Object(Symfony/Component/Console/Output/ConsoleOutput))
#36 D:/Tugas Kuliah/Semester 6/Pemrograman Web/praktikum-6/vendor/laravel/framework/src/Illuminate/Foundation/Application.php(1235): Illuminate/Foundation/Console/Kernel->handle(Object(Symfony/Component/Console/Input/ArgvInput), Object(Symfony/Component/Console/Output/ConsoleOutput))
#37 D:/Tugas Kuliah/Semester 6/Pemrograman Web/praktikum-6/artisan(16): Illuminate/Foundation/Application->handleCommand(Object(Symfony/Component/Console/Input/ArgvInput))
#38 {main}
"} 
[2026-05-19 13:19:24] local.ERROR: Call to undefined function Illuminate\Support\mb_split() {"exception":"[object] (Error(code: 0): Call to undefined function Illuminate\\Support\\mb_split() at D:/Tugas Kuliah/Semester 6/Pemrograman Web/praktikum-6/vendor/laravel/framework/src/Illuminate/Support/Str.php:1722)
[stacktrace]
#0 D:/Tugas Kuliah/Semester 6/Pemrograman Web/praktikum-6/vendor/laravel/framework/src/Illuminate/Support/Manager.php(98): Illuminate/Support/Str::studly('bcrypt')
#1 D:/Tugas Kuliah/Semester 6/Pemrograman Web/praktikum-6/vendor/laravel/framework/src/Illuminate/Support/Manager.php(78): Illuminate/Support/Manager->createDriver('bcrypt')
#2 D:/Tugas Kuliah/Semester 6/Pemrograman Web/praktikum-6/vendor/laravel/framework/src/Illuminate/Hashing/HashManager.php(63): Illuminate/Support/Manager->driver()
#3 D:/Tugas Kuliah/Semester 6/Pemrograman Web/praktikum-6/vendor/laravel/framework/src/Illuminate/Support/Facades/Facade.php(363): Illuminate/Hashing/HashManager->make(Object(SensitiveParameterValue))
#4 D:/Tugas Kuliah/Semester 6/Pemrograman Web/praktikum-6/database/factories/UserFactory.php(30): Illuminate/Support/Facades/Facade::__callStatic('make', Array)
#5 D:/Tugas Kuliah/Semester 6/Pemrograman Web/praktikum-6/vendor/laravel/framework/src/Illuminate/Database/Eloquent/Factories/Factory.php(550): Database/Factories/UserFactory->definition()
#6 D:/Tugas Kuliah/Semester 6/Pemrograman Web/praktikum-6/vendor/laravel/framework/src/Illuminate/Database/Eloquent/Factories/Factory.php(529): Illuminate/Database/Eloquent/Factories/Factory->getRawAttributes(NULL)
#7 D:/Tugas Kuliah/Semester 6/Pemrograman Web/praktikum-6/vendor/laravel/framework/src/Illuminate/Database/Eloquent/Factories/Factory.php(513): Illuminate/Database/Eloquent/Factories/Factory->getExpandedAttributes(NULL)
#8 D:/Tugas Kuliah/Semester 6/Pemrograman Web/praktikum-6/vendor/laravel/framework/src/Illuminate/Database/Eloquent/Concerns/GuardsAttributes.php(151): Illuminate/Database/Eloquent/Factories/Factory->Illuminate/Database/Eloquent/Factories/{closure}()
#9 D:/Tugas Kuliah/Semester 6/Pemrograman Web/praktikum-6/vendor/laravel/framework/src/Illuminate/Database/Eloquent/Factories/Factory.php(512): Illuminate/Database/Eloquent/Model::unguarded(Object(Closure))
#10 D:/Tugas Kuliah/Semester 6/Pemrograman Web/praktikum-6/vendor/laravel/framework/src/Illuminate/Database/Eloquent/Factories/Factory.php(429): Illuminate/Database/Eloquent/Factories/Factory->makeInstance(NULL)
#11 D:/Tugas Kuliah/Semester 6/Pemrograman Web/praktikum-6/vendor/laravel/framework/src/Illuminate/Database/Eloquent/Factories/Factory.php(318): Illuminate/Database/Eloquent/Factories/Factory->make(Array, NULL)
#12 D:/Tugas Kuliah/Semester 6/Pemrograman Web/praktikum-6/vendor/laravel/framework/src/Illuminate/Database/Eloquent/Factories/Factory.php(315): Illuminate/Database/Eloquent/Factories/Factory->create(Array, NULL)
#13 D:/Tugas Kuliah/Semester 6/Pemrograman Web/praktikum-6/database/seeders/DatabaseSeeder.php(18): Illuminate/Database/Eloquent/Factories/Factory->create(Array)
#14 D:/Tugas Kuliah/Semester 6/Pemrograman Web/praktikum-6/vendor/laravel/framework/src/Illuminate/Container/BoundMethod.php(36): Database/Seeders/DatabaseSeeder->run()
#15 D:/Tugas Kuliah/Semester 6/Pemrograman Web/praktikum-6/vendor/laravel/framework/src/Illuminate/Container/Util.php(43): Illuminate/Container/BoundMethod::Illuminate/Container/{closure}()
#16 D:/Tugas Kuliah/Semester 6/Pemrograman Web/praktikum-6/vendor/laravel/framework/src/Illuminate/Container/BoundMethod.php(96): Illuminate/Container/Util::unwrapIfClosure(Object(Closure))
#17 D:/Tugas Kuliah/Semester 6/Pemrograman Web/praktikum-6/vendor/laravel/framework/src/Illuminate/Container/BoundMethod.php(35): Illuminate/Container/BoundMethod::callBoundMethod(Object(Illuminate/Foundation/Application), Array, Object(Closure))
#18 D:/Tugas Kuliah/Semester 6/Pemrograman Web/praktikum-6/vendor/laravel/framework/src/Illuminate/Container/Container.php(799): Illuminate/Container/BoundMethod::call(Object(Illuminate/Foundation/Application), Array, Array, NULL)
#19 D:/Tugas Kuliah/Semester 6/Pemrograman Web/praktikum-6/vendor/laravel/framework/src/Illuminate/Database/Seeder.php(184): Illuminate/Container/Container->call(Array, Array)
#20 D:/Tugas Kuliah/Semester 6/Pemrograman Web/praktikum-6/vendor/laravel/framework/src/Illuminate/Database/Seeder.php(193): Illuminate/Database/Seeder->Illuminate/Database/{closure}()
#21 D:/Tugas Kuliah/Semester 6/Pemrograman Web/praktikum-6/vendor/laravel/framework/src/Illuminate/Database/Console/Seeds/SeedCommand.php(71): Illuminate/Database/Seeder->__invoke()
#22 D:/Tugas Kuliah/Semester 6/Pemrograman Web/praktikum-6/vendor/laravel/framework/src/Illuminate/Database/Eloquent/Concerns/GuardsAttributes.php(157): Illuminate/Database/Console/Seeds/SeedCommand->Illuminate/Database/Console/Seeds/{closure}()
#23 D:/Tugas Kuliah/Semester 6/Pemrograman Web/praktikum-6/vendor/laravel/framework/src/Illuminate/Database/Console/Seeds/SeedCommand.php(70): Illuminate/Database/Eloquent/Model::unguarded(Object(Closure))
#24 D:/Tugas Kuliah/Semester 6/Pemrograman Web/praktikum-6/vendor/laravel/framework/src/Illuminate/Container/BoundMethod.php(36): Illuminate/Database/Console/Seeds/SeedCommand->handle()
#25 D:/Tugas Kuliah/Semester 6/Pemrograman Web/praktikum-6/vendor/laravel/framework/src/Illuminate/Container/Util.php(43): Illuminate/Container/BoundMethod::Illuminate/Container/{closure}()
#26 D:/Tugas Kuliah/Semester 6/Pemrograman Web/praktikum-6/vendor/laravel/framework/src/Illuminate/Container/BoundMethod.php(96): Illuminate/Container/Util::unwrapIfClosure(Object(Closure))
#27 D:/Tugas Kuliah/Semester 6/Pemrograman Web/praktikum-6/vendor/laravel/framework/src/Illuminate/Container/BoundMethod.php(35): Illuminate/Container/BoundMethod::callBoundMethod(Object(Illuminate/Foundation/Application), Array, Object(Closure))
#28 D:/Tugas Kuliah/Semester 6/Pemrograman Web/praktikum-6/vendor/laravel/framework/src/Illuminate/Container/Container.php(799): Illuminate/Container/BoundMethod::call(Object(Illuminate/Foundation/Application), Array, Array, NULL)
#29 D:/Tugas Kuliah/Semester 6/Pemrograman Web/praktikum-6/vendor/laravel/framework/src/Illuminate/Console/Command.php(211): Illuminate/Container/Container->call(Array)
#30 D:/Tugas Kuliah/Semester 6/Pemrograman Web/praktikum-6/vendor/symfony/console/Command/Command.php(341): Illuminate/Console/Command->execute(Object(Symfony/Component/Console/Input/ArgvInput), Object(Illuminate/Console/OutputStyle))
#31 D:/Tugas Kuliah/Semester 6/Pemrograman Web/praktikum-6/vendor/laravel/framework/src/Illuminate/Console/Command.php(180): Symfony/Component/Console/Command/Command->run(Object(Symfony/Component/Console/Input/ArgvInput), Object(Illuminate/Console/OutputStyle))
#32 D:/Tugas Kuliah/Semester 6/Pemrograman Web/praktikum-6/vendor/symfony/console/Application.php(1117): Illuminate/Console/Command->run(Object(Symfony/Component/Console/Input/ArgvInput), Object(Symfony/Component/Console/Output/ConsoleOutput))
#33 D:/Tugas Kuliah/Semester 6/Pemrograman Web/praktikum-6/vendor/symfony/console/Application.php(356): Symfony/Component/Console/Application->doRunCommand(Object(Illuminate/Database/Console/Seeds/SeedCommand), Object(Symfony/Component/Console/Input/ArgvInput), Object(Symfony/Component/Console/Output/ConsoleOutput))
#34 D:/Tugas Kuliah/Semester 6/Pemrograman Web/praktikum-6/vendor/symfony/console/Application.php(195): Symfony/Component/Console/Application->doRun(Object(Symfony/Component/Console/Input/ArgvInput), Object(Symfony/Component/Console/Output/ConsoleOutput))
#35 D:/Tugas Kuliah/Semester 6/Pemrograman Web/praktikum-6/vendor/laravel/framework/src/Illuminate/Foundation/Console/Kernel.php(198): Symfony/Component/Console/Application->run(Object(Symfony/Component/Console/Input/ArgvInput), Object(Symfony/Component/Console/Output/ConsoleOutput))
#36 D:/Tugas Kuliah/Semester 6/Pemrograman Web/praktikum-6/vendor/laravel/framework/src/Illuminate/Foundation/Application.php(1235): Illuminate/Foundation/Console/Kernel->handle(Object(Symfony/Component/Console/Input/ArgvInput), Object(Symfony/Component/Console/Output/ConsoleOutput))
#37 D:/Tugas Kuliah/Semester 6/Pemrograman Web/praktikum-6/artisan(16): Illuminate/Foundation/Application->handleCommand(Object(Symfony/Component/Console/Input/ArgvInput))
#38 {main}
"} 
[2026-05-19 13:19:52] local.ERROR: Call to undefined function Illuminate\Support\mb_split() {"exception":"[object] (Error(code: 0): Call to undefined function Illuminate\\Support\\mb_split() at D:/Tugas Kuliah/Semester 6/Pemrograman Web/praktikum-6/vendor/laravel/framework/src/Illuminate/Support/Str.php:1722)
[stacktrace]
#0 D:/Tugas Kuliah/Semester 6/Pemrograman Web/praktikum-6/vendor/laravel/framework/src/Illuminate/Database/Migrations/Migrator.php(569): Illuminate/Support/Str::studly('create_users_ta...')
#1 D:/Tugas Kuliah/Semester 6/Pemrograman Web/praktikum-6/vendor/laravel/framework/src/Illuminate/Database/Migrations/Migrator.php(544): Illuminate/Database/Migrations/Migrator->getMigrationClass('0001_01_01_0000...')
#2 D:/Tugas Kuliah/Semester 6/Pemrograman Web/praktikum-6/vendor/laravel/framework/src/Illuminate/Database/Migrations/Migrator.php(236): Illuminate/Database/Migrations/Migrator->resolvePath('D://Tugas Kuliah...')
#3 D:/Tugas Kuliah/Semester 6/Pemrograman Web/praktikum-6/vendor/laravel/framework/src/Illuminate/Database/Migrations/Migrator.php(211): Illuminate/Database/Migrations/Migrator->runUp('D://Tugas Kuliah...', 1, false)
#4 D:/Tugas Kuliah/Semester 6/Pemrograman Web/praktikum-6/vendor/laravel/framework/src/Illuminate/Database/Migrations/Migrator.php(138): Illuminate/Database/Migrations/Migrator->runPending(Array, Array)
#5 D:/Tugas Kuliah/Semester 6/Pemrograman Web/praktikum-6/vendor/laravel/framework/src/Illuminate/Database/Console/Migrations/MigrateCommand.php(116): Illuminate/Database/Migrations/Migrator->run(Array, Array)
#6 D:/Tugas Kuliah/Semester 6/Pemrograman Web/praktikum-6/vendor/laravel/framework/src/Illuminate/Database/Migrations/Migrator.php(671): Illuminate/Database/Console/Migrations/MigrateCommand->Illuminate/Database/Console/Migrations/{closure}()
#7 D:/Tugas Kuliah/Semester 6/Pemrograman Web/praktikum-6/vendor/laravel/framework/src/Illuminate/Database/Console/Migrations/MigrateCommand.php(109): Illuminate/Database/Migrations/Migrator->usingConnection(NULL, Object(Closure))
#8 D:/Tugas Kuliah/Semester 6/Pemrograman Web/praktikum-6/vendor/laravel/framework/src/Illuminate/Database/Console/Migrations/MigrateCommand.php(88): Illuminate/Database/Console/Migrations/MigrateCommand->runMigrations()
#9 D:/Tugas Kuliah/Semester 6/Pemrograman Web/praktikum-6/vendor/laravel/framework/src/Illuminate/Container/BoundMethod.php(36): Illuminate/Database/Console/Migrations/MigrateCommand->handle()
#10 D:/Tugas Kuliah/Semester 6/Pemrograman Web/praktikum-6/vendor/laravel/framework/src/Illuminate/Container/Util.php(43): Illuminate/Container/BoundMethod::Illuminate/Container/{closure}()
#11 D:/Tugas Kuliah/Semester 6/Pemrograman Web/praktikum-6/vendor/laravel/framework/src/Illuminate/Container/BoundMethod.php(96): Illuminate/Container/Util::unwrapIfClosure(Object(Closure))
#12 D:/Tugas Kuliah/Semester 6/Pemrograman Web/praktikum-6/vendor/laravel/framework/src/Illuminate/Container/BoundMethod.php(35): Illuminate/Container/BoundMethod::callBoundMethod(Object(Illuminate/Foundation/Application), Array, Object(Closure))
#13 D:/Tugas Kuliah/Semester 6/Pemrograman Web/praktikum-6/vendor/laravel/framework/src/Illuminate/Container/Container.php(799): Illuminate/Container/BoundMethod::call(Object(Illuminate/Foundation/Application), Array, Array, NULL)
#14 D:/Tugas Kuliah/Semester 6/Pemrograman Web/praktikum-6/vendor/laravel/framework/src/Illuminate/Console/Command.php(211): Illuminate/Container/Container->call(Array)
#15 D:/Tugas Kuliah/Semester 6/Pemrograman Web/praktikum-6/vendor/symfony/console/Command/Command.php(341): Illuminate/Console/Command->execute(Object(Symfony/Component/Console/Input/ArrayInput), Object(Illuminate/Console/OutputStyle))
#16 D:/Tugas Kuliah/Semester 6/Pemrograman Web/praktikum-6/vendor/laravel/framework/src/Illuminate/Console/Command.php(180): Symfony/Component/Console/Command/Command->run(Object(Symfony/Component/Console/Input/ArrayInput), Object(Illuminate/Console/OutputStyle))
#17 D:/Tugas Kuliah/Semester 6/Pemrograman Web/praktikum-6/vendor/laravel/framework/src/Illuminate/Console/Concerns/CallsCommands.php(68): Illuminate/Console/Command->run(Object(Symfony/Component/Console/Input/ArrayInput), Object(Illuminate/Console/OutputStyle))
#18 D:/Tugas Kuliah/Semester 6/Pemrograman Web/praktikum-6/vendor/laravel/framework/src/Illuminate/Console/Concerns/CallsCommands.php(29): Illuminate/Console/Command->runCommand('migrate', Array, Object(Illuminate/Console/OutputStyle))
#19 D:/Tugas Kuliah/Semester 6/Pemrograman Web/praktikum-6/vendor/laravel/framework/src/Illuminate/Database/Console/Migrations/FreshCommand.php(88): Illuminate/Console/Command->call('migrate', Array)
#20 D:/Tugas Kuliah/Semester 6/Pemrograman Web/praktikum-6/vendor/laravel/framework/src/Illuminate/Container/BoundMethod.php(36): Illuminate/Database/Console/Migrations/FreshCommand->handle()
#21 D:/Tugas Kuliah/Semester 6/Pemrograman Web/praktikum-6/vendor/laravel/framework/src/Illuminate/Container/Util.php(43): Illuminate/Container/BoundMethod::Illuminate/Container/{closure}()
#22 D:/Tugas Kuliah/Semester 6/Pemrograman Web/praktikum-6/vendor/laravel/framework/src/Illuminate/Container/BoundMethod.php(96): Illuminate/Container/Util::unwrapIfClosure(Object(Closure))
#23 D:/Tugas Kuliah/Semester 6/Pemrograman Web/praktikum-6/vendor/laravel/framework/src/Illuminate/Container/BoundMethod.php(35): Illuminate/Container/BoundMethod::callBoundMethod(Object(Illuminate/Foundation/Application), Array, Object(Closure))
#24 D:/Tugas Kuliah/Semester 6/Pemrograman Web/praktikum-6/vendor/laravel/framework/src/Illuminate/Container/Container.php(799): Illuminate/Container/BoundMethod::call(Object(Illuminate/Foundation/Application), Array, Array, NULL)
#25 D:/Tugas Kuliah/Semester 6/Pemrograman Web/praktikum-6/vendor/laravel/framework/src/Illuminate/Console/Command.php(211): Illuminate/Container/Container->call(Array)
#26 D:/Tugas Kuliah/Semester 6/Pemrograman Web/praktikum-6/vendor/symfony/console/Command/Command.php(341): Illuminate/Console/Command->execute(Object(Symfony/Component/Console/Input/ArgvInput), Object(Illuminate/Console/OutputStyle))
#27 D:/Tugas Kuliah/Semester 6/Pemrograman Web/praktikum-6/vendor/laravel/framework/src/Illuminate/Console/Command.php(180): Symfony/Component/Console/Command/Command->run(Object(Symfony/Component/Console/Input/ArgvInput), Object(Illuminate/Console/OutputStyle))
#28 D:/Tugas Kuliah/Semester 6/Pemrograman Web/praktikum-6/vendor/symfony/console/Application.php(1117): Illuminate/Console/Command->run(Object(Symfony/Component/Console/Input/ArgvInput), Object(Symfony/Component/Console/Output/ConsoleOutput))
#29 D:/Tugas Kuliah/Semester 6/Pemrograman Web/praktikum-6/vendor/symfony/console/Application.php(356): Symfony/Component/Console/Application->doRunCommand(Object(Illuminate/Database/Console/Migrations/FreshCommand), Object(Symfony/Component/Console/Input/ArgvInput), Object(Symfony/Component/Console/Output/ConsoleOutput))
#30 D:/Tugas Kuliah/Semester 6/Pemrograman Web/praktikum-6/vendor/symfony/console/Application.php(195): Symfony/Component/Console/Application->doRun(Object(Symfony/Component/Console/Input/ArgvInput), Object(Symfony/Component/Console/Output/ConsoleOutput))
#31 D:/Tugas Kuliah/Semester 6/Pemrograman Web/praktikum-6/vendor/laravel/framework/src/Illuminate/Foundation/Console/Kernel.php(198): Symfony/Component/Console/Application->run(Object(Symfony/Component/Console/Input/ArgvInput), Object(Symfony/Component/Console/Output/ConsoleOutput))
#32 D:/Tugas Kuliah/Semester 6/Pemrograman Web/praktikum-6/vendor/laravel/framework/src/Illuminate/Foundation/Application.php(1235): Illuminate/Foundation/Console/Kernel->handle(Object(Symfony/Component/Console/Input/ArgvInput), Object(Symfony/Component/Console/Output/ConsoleOutput))
#33 D:/Tugas Kuliah/Semester 6/Pemrograman Web/praktikum-6/artisan(16): Illuminate/Foundation/Application->handleCommand(Object(Symfony/Component/Console/Input/ArgvInput))
#34 {main}
"} 
[2026-05-19 13:20:38] local.ERROR: Call to undefined function Illuminate\Support\mb_split() {"exception":"[object] (Error(code: 0): Call to undefined function Illuminate\\Support\\mb_split() at D:/Tugas Kuliah/Semester 6/Pemrograman Web/praktikum-6/vendor/laravel/framework/src/Illuminate/Support/Str.php:1722)
[stacktrace]
#0 D:/Tugas Kuliah/Semester 6/Pemrograman Web/praktikum-6/vendor/laravel/framework/src/Illuminate/Support/Manager.php(98): Illuminate/Support/Str::studly('bcrypt')
#1 D:/Tugas Kuliah/Semester 6/Pemrograman Web/praktikum-6/vendor/laravel/framework/src/Illuminate/Support/Manager.php(78): Illuminate/Support/Manager->createDriver('bcrypt')
#2 D:/Tugas Kuliah/Semester 6/Pemrograman Web/praktikum-6/vendor/laravel/framework/src/Illuminate/Hashing/HashManager.php(63): Illuminate/Support/Manager->driver()
#3 D:/Tugas Kuliah/Semester 6/Pemrograman Web/praktikum-6/vendor/laravel/framework/src/Illuminate/Support/Facades/Facade.php(363): Illuminate/Hashing/HashManager->make(Object(SensitiveParameterValue))
#4 D:/Tugas Kuliah/Semester 6/Pemrograman Web/praktikum-6/database/factories/UserFactory.php(30): Illuminate/Support/Facades/Facade::__callStatic('make', Array)
#5 D:/Tugas Kuliah/Semester 6/Pemrograman Web/praktikum-6/vendor/laravel/framework/src/Illuminate/Database/Eloquent/Factories/Factory.php(550): Database/Factories/UserFactory->definition()
#6 D:/Tugas Kuliah/Semester 6/Pemrograman Web/praktikum-6/vendor/laravel/framework/src/Illuminate/Database/Eloquent/Factories/Factory.php(529): Illuminate/Database/Eloquent/Factories/Factory->getRawAttributes(NULL)
#7 D:/Tugas Kuliah/Semester 6/Pemrograman Web/praktikum-6/vendor/laravel/framework/src/Illuminate/Database/Eloquent/Factories/Factory.php(513): Illuminate/Database/Eloquent/Factories/Factory->getExpandedAttributes(NULL)
#8 D:/Tugas Kuliah/Semester 6/Pemrograman Web/praktikum-6/vendor/laravel/framework/src/Illuminate/Database/Eloquent/Concerns/GuardsAttributes.php(151): Illuminate/Database/Eloquent/Factories/Factory->Illuminate/Database/Eloquent/Factories/{closure}()
#9 D:/Tugas Kuliah/Semester 6/Pemrograman Web/praktikum-6/vendor/laravel/framework/src/Illuminate/Database/Eloquent/Factories/Factory.php(512): Illuminate/Database/Eloquent/Model::unguarded(Object(Closure))
#10 D:/Tugas Kuliah/Semester 6/Pemrograman Web/praktikum-6/vendor/laravel/framework/src/Illuminate/Database/Eloquent/Factories/Factory.php(429): Illuminate/Database/Eloquent/Factories/Factory->makeInstance(NULL)
#11 D:/Tugas Kuliah/Semester 6/Pemrograman Web/praktikum-6/vendor/laravel/framework/src/Illuminate/Database/Eloquent/Factories/Factory.php(318): Illuminate/Database/Eloquent/Factories/Factory->make(Array, NULL)
#12 D:/Tugas Kuliah/Semester 6/Pemrograman Web/praktikum-6/vendor/laravel/framework/src/Illuminate/Database/Eloquent/Factories/Factory.php(315): Illuminate/Database/Eloquent/Factories/Factory->create(Array, NULL)
#13 D:/Tugas Kuliah/Semester 6/Pemrograman Web/praktikum-6/database/seeders/DatabaseSeeder.php(18): Illuminate/Database/Eloquent/Factories/Factory->create(Array)
#14 D:/Tugas Kuliah/Semester 6/Pemrograman Web/praktikum-6/vendor/laravel/framework/src/Illuminate/Container/BoundMethod.php(36): Database/Seeders/DatabaseSeeder->run()
#15 D:/Tugas Kuliah/Semester 6/Pemrograman Web/praktikum-6/vendor/laravel/framework/src/Illuminate/Container/Util.php(43): Illuminate/Container/BoundMethod::Illuminate/Container/{closure}()
#16 D:/Tugas Kuliah/Semester 6/Pemrograman Web/praktikum-6/vendor/laravel/framework/src/Illuminate/Container/BoundMethod.php(96): Illuminate/Container/Util::unwrapIfClosure(Object(Closure))
#17 D:/Tugas Kuliah/Semester 6/Pemrograman Web/praktikum-6/vendor/laravel/framework/src/Illuminate/Container/BoundMethod.php(35): Illuminate/Container/BoundMethod::callBoundMethod(Object(Illuminate/Foundation/Application), Array, Object(Closure))
#18 D:/Tugas Kuliah/Semester 6/Pemrograman Web/praktikum-6/vendor/laravel/framework/src/Illuminate/Container/Container.php(799): Illuminate/Container/BoundMethod::call(Object(Illuminate/Foundation/Application), Array, Array, NULL)
#19 D:/Tugas Kuliah/Semester 6/Pemrograman Web/praktikum-6/vendor/laravel/framework/src/Illuminate/Database/Seeder.php(184): Illuminate/Container/Container->call(Array, Array)
#20 D:/Tugas Kuliah/Semester 6/Pemrograman Web/praktikum-6/vendor/laravel/framework/src/Illuminate/Database/Seeder.php(193): Illuminate/Database/Seeder->Illuminate/Database/{closure}()
#21 D:/Tugas Kuliah/Semester 6/Pemrograman Web/praktikum-6/vendor/laravel/framework/src/Illuminate/Database/Console/Seeds/SeedCommand.php(71): Illuminate/Database/Seeder->__invoke()
#22 D:/Tugas Kuliah/Semester 6/Pemrograman Web/praktikum-6/vendor/laravel/framework/src/Illuminate/Database/Eloquent/Concerns/GuardsAttributes.php(157): Illuminate/Database/Console/Seeds/SeedCommand->Illuminate/Database/Console/Seeds/{closure}()
#23 D:/Tugas Kuliah/Semester 6/Pemrograman Web/praktikum-6/vendor/laravel/framework/src/Illuminate/Database/Console/Seeds/SeedCommand.php(70): Illuminate/Database/Eloquent/Model::unguarded(Object(Closure))
#24 D:/Tugas Kuliah/Semester 6/Pemrograman Web/praktikum-6/vendor/laravel/framework/src/Illuminate/Container/BoundMethod.php(36): Illuminate/Database/Console/Seeds/SeedCommand->handle()
#25 D:/Tugas Kuliah/Semester 6/Pemrograman Web/praktikum-6/vendor/laravel/framework/src/Illuminate/Container/Util.php(43): Illuminate/Container/BoundMethod::Illuminate/Container/{closure}()
#26 D:/Tugas Kuliah/Semester 6/Pemrograman Web/praktikum-6/vendor/laravel/framework/src/Illuminate/Container/BoundMethod.php(96): Illuminate/Container/Util::unwrapIfClosure(Object(Closure))
#27 D:/Tugas Kuliah/Semester 6/Pemrograman Web/praktikum-6/vendor/laravel/framework/src/Illuminate/Container/BoundMethod.php(35): Illuminate/Container/BoundMethod::callBoundMethod(Object(Illuminate/Foundation/Application), Array, Object(Closure))
#28 D:/Tugas Kuliah/Semester 6/Pemrograman Web/praktikum-6/vendor/laravel/framework/src/Illuminate/Container/Container.php(799): Illuminate/Container/BoundMethod::call(Object(Illuminate/Foundation/Application), Array, Array, NULL)
#29 D:/Tugas Kuliah/Semester 6/Pemrograman Web/praktikum-6/vendor/laravel/framework/src/Illuminate/Console/Command.php(211): Illuminate/Container/Container->call(Array)
#30 D:/Tugas Kuliah/Semester 6/Pemrograman Web/praktikum-6/vendor/symfony/console/Command/Command.php(341): Illuminate/Console/Command->execute(Object(Symfony/Component/Console/Input/ArgvInput), Object(Illuminate/Console/OutputStyle))
#31 D:/Tugas Kuliah/Semester 6/Pemrograman Web/praktikum-6/vendor/laravel/framework/src/Illuminate/Console/Command.php(180): Symfony/Component/Console/Command/Command->run(Object(Symfony/Component/Console/Input/ArgvInput), Object(Illuminate/Console/OutputStyle))
#32 D:/Tugas Kuliah/Semester 6/Pemrograman Web/praktikum-6/vendor/symfony/console/Application.php(1117): Illuminate/Console/Command->run(Object(Symfony/Component/Console/Input/ArgvInput), Object(Symfony/Component/Console/Output/ConsoleOutput))
#33 D:/Tugas Kuliah/Semester 6/Pemrograman Web/praktikum-6/vendor/symfony/console/Application.php(356): Symfony/Component/Console/Application->doRunCommand(Object(Illuminate/Database/Console/Seeds/SeedCommand), Object(Symfony/Component/Console/Input/ArgvInput), Object(Symfony/Component/Console/Output/ConsoleOutput))
#34 D:/Tugas Kuliah/Semester 6/Pemrograman Web/praktikum-6/vendor/symfony/console/Application.php(195): Symfony/Component/Console/Application->doRun(Object(Symfony/Component/Console/Input/ArgvInput), Object(Symfony/Component/Console/Output/ConsoleOutput))
#35 D:/Tugas Kuliah/Semester 6/Pemrograman Web/praktikum-6/vendor/laravel/framework/src/Illuminate/Foundation/Console/Kernel.php(198): Symfony/Component/Console/Application->run(Object(Symfony/Component/Console/Input/ArgvInput), Object(Symfony/Component/Console/Output/ConsoleOutput))
#36 D:/Tugas Kuliah/Semester 6/Pemrograman Web/praktikum-6/vendor/laravel/framework/src/Illuminate/Foundation/Application.php(1235): Illuminate/Foundation/Console/Kernel->handle(Object(Symfony/Component/Console/Input/ArgvInput), Object(Symfony/Component/Console/Output/ConsoleOutput))
#37 D:/Tugas Kuliah/Semester 6/Pemrograman Web/praktikum-6/artisan(16): Illuminate/Foundation/Application->handleCommand(Object(Symfony/Component/Console/Input/ArgvInput))
#38 {main}
"} 
[2026-05-19 16:39:03] local.ERROR: Call to undefined function Illuminate\Support\mb_split() {"exception":"[object] (Error(code: 0): Call to undefined function Illuminate\\Support\\mb_split() at D:/Tugas Kuliah/Semester 6/Pemrograman Web/praktikum-6/vendor/laravel/framework/src/Illuminate/Support/Str.php:1722)
[stacktrace]
#0 D:/Tugas Kuliah/Semester 6/Pemrograman Web/praktikum-6/vendor/laravel/framework/src/Illuminate/Database/Migrations/MigrationCreator.php(161): Illuminate/Support/Str::studly('create_mahasisw...')
#1 D:/Tugas Kuliah/Semester 6/Pemrograman Web/praktikum-6/vendor/laravel/framework/src/Illuminate/Database/Migrations/MigrationCreator.php(100): Illuminate/Database/Migrations/MigrationCreator->getClassName('create_mahasisw...')
#2 D:/Tugas Kuliah/Semester 6/Pemrograman Web/praktikum-6/vendor/laravel/framework/src/Illuminate/Database/Migrations/MigrationCreator.php(58): Illuminate/Database/Migrations/MigrationCreator->ensureMigrationDoesntAlreadyExist('create_mahasisw...', 'D://Tugas Kuliah...')
#3 D:/Tugas Kuliah/Semester 6/Pemrograman Web/praktikum-6/vendor/laravel/framework/src/Illuminate/Database/Console/Migrations/MigrateMakeCommand.php(111): Illuminate/Database/Migrations/MigrationCreator->create('create_mahasisw...', 'D://Tugas Kuliah...', 'mahasiswas', true)
#4 D:/Tugas Kuliah/Semester 6/Pemrograman Web/praktikum-6/vendor/laravel/framework/src/Illuminate/Database/Console/Migrations/MigrateMakeCommand.php(98): Illuminate/Database/Console/Migrations/MigrateMakeCommand->writeMigration('create_mahasisw...', 'mahasiswas', true)
#5 D:/Tugas Kuliah/Semester 6/Pemrograman Web/praktikum-6/vendor/laravel/framework/src/Illuminate/Container/BoundMethod.php(36): Illuminate/Database/Console/Migrations/MigrateMakeCommand->handle()
#6 D:/Tugas Kuliah/Semester 6/Pemrograman Web/praktikum-6/vendor/laravel/framework/src/Illuminate/Container/Util.php(43): Illuminate/Container/BoundMethod::Illuminate/Container/{closure}()
#7 D:/Tugas Kuliah/Semester 6/Pemrograman Web/praktikum-6/vendor/laravel/framework/src/Illuminate/Container/BoundMethod.php(96): Illuminate/Container/Util::unwrapIfClosure(Object(Closure))
#8 D:/Tugas Kuliah/Semester 6/Pemrograman Web/praktikum-6/vendor/laravel/framework/src/Illuminate/Container/BoundMethod.php(35): Illuminate/Container/BoundMethod::callBoundMethod(Object(Illuminate/Foundation/Application), Array, Object(Closure))
#9 D:/Tugas Kuliah/Semester 6/Pemrograman Web/praktikum-6/vendor/laravel/framework/src/Illuminate/Container/Container.php(799): Illuminate/Container/BoundMethod::call(Object(Illuminate/Foundation/Application), Array, Array, NULL)
#10 D:/Tugas Kuliah/Semester 6/Pemrograman Web/praktikum-6/vendor/laravel/framework/src/Illuminate/Console/Command.php(211): Illuminate/Container/Container->call(Array)
#11 D:/Tugas Kuliah/Semester 6/Pemrograman Web/praktikum-6/vendor/symfony/console/Command/Command.php(341): Illuminate/Console/Command->execute(Object(Symfony/Component/Console/Input/ArgvInput), Object(Illuminate/Console/OutputStyle))
#12 D:/Tugas Kuliah/Semester 6/Pemrograman Web/praktikum-6/vendor/laravel/framework/src/Illuminate/Console/Command.php(180): Symfony/Component/Console/Command/Command->run(Object(Symfony/Component/Console/Input/ArgvInput), Object(Illuminate/Console/OutputStyle))
#13 D:/Tugas Kuliah/Semester 6/Pemrograman Web/praktikum-6/vendor/symfony/console/Application.php(1117): Illuminate/Console/Command->run(Object(Symfony/Component/Console/Input/ArgvInput), Object(Symfony/Component/Console/Output/ConsoleOutput))
#14 D:/Tugas Kuliah/Semester 6/Pemrograman Web/praktikum-6/vendor/symfony/console/Application.php(356): Symfony/Component/Console/Application->doRunCommand(Object(Illuminate/Database/Console/Migrations/MigrateMakeCommand), Object(Symfony/Component/Console/Input/ArgvInput), Object(Symfony/Component/Console/Output/ConsoleOutput))
#15 D:/Tugas Kuliah/Semester 6/Pemrograman Web/praktikum-6/vendor/symfony/console/Application.php(195): Symfony/Component/Console/Application->doRun(Object(Symfony/Component/Console/Input/ArgvInput), Object(Symfony/Component/Console/Output/ConsoleOutput))
#16 D:/Tugas Kuliah/Semester 6/Pemrograman Web/praktikum-6/vendor/laravel/framework/src/Illuminate/Foundation/Console/Kernel.php(198): Symfony/Component/Console/Application->run(Object(Symfony/Component/Console/Input/ArgvInput), Object(Symfony/Component/Console/Output/ConsoleOutput))
#17 D:/Tugas Kuliah/Semester 6/Pemrograman Web/praktikum-6/vendor/laravel/framework/src/Illuminate/Foundation/Application.php(1235): Illuminate/Foundation/Console/Kernel->handle(Object(Symfony/Component/Console/Input/ArgvInput), Object(Symfony/Component/Console/Output/ConsoleOutput))
#18 D:/Tugas Kuliah/Semester 6/Pemrograman Web/praktikum-6/artisan(16): Illuminate/Foundation/Application->handleCommand(Object(Symfony/Component/Console/Input/ArgvInput))
#19 {main}
"} 
[2026-05-19 16:45:06] local.ERROR: Call to undefined function Illuminate\Support\mb_split() {"exception":"[object] (Error(code: 0): Call to undefined function Illuminate\\Support\\mb_split() at D:/Tugas Kuliah/Semester 6/Pemrograman Web/praktikum-6/vendor/laravel/framework/src/Illuminate/Support/Str.php:1722)
[stacktrace]
#0 D:/Tugas Kuliah/Semester 6/Pemrograman Web/praktikum-6/vendor/laravel/framework/src/Illuminate/Database/Migrations/MigrationCreator.php(161): Illuminate/Support/Str::studly('create_mahasisw...')
#1 D:/Tugas Kuliah/Semester 6/Pemrograman Web/praktikum-6/vendor/laravel/framework/src/Illuminate/Database/Migrations/MigrationCreator.php(100): Illuminate/Database/Migrations/MigrationCreator->getClassName('create_mahasisw...')
#2 D:/Tugas Kuliah/Semester 6/Pemrograman Web/praktikum-6/vendor/laravel/framework/src/Illuminate/Database/Migrations/MigrationCreator.php(58): Illuminate/Database/Migrations/MigrationCreator->ensureMigrationDoesntAlreadyExist('create_mahasisw...', 'D://Tugas Kuliah...')
#3 D:/Tugas Kuliah/Semester 6/Pemrograman Web/praktikum-6/vendor/laravel/framework/src/Illuminate/Database/Console/Migrations/MigrateMakeCommand.php(111): Illuminate/Database/Migrations/MigrationCreator->create('create_mahasisw...', 'D://Tugas Kuliah...', 'mahasiswas', true)
#4 D:/Tugas Kuliah/Semester 6/Pemrograman Web/praktikum-6/vendor/laravel/framework/src/Illuminate/Database/Console/Migrations/MigrateMakeCommand.php(98): Illuminate/Database/Console/Migrations/MigrateMakeCommand->writeMigration('create_mahasisw...', 'mahasiswas', true)
#5 D:/Tugas Kuliah/Semester 6/Pemrograman Web/praktikum-6/vendor/laravel/framework/src/Illuminate/Container/BoundMethod.php(36): Illuminate/Database/Console/Migrations/MigrateMakeCommand->handle()
#6 D:/Tugas Kuliah/Semester 6/Pemrograman Web/praktikum-6/vendor/laravel/framework/src/Illuminate/Container/Util.php(43): Illuminate/Container/BoundMethod::Illuminate/Container/{closure}()
#7 D:/Tugas Kuliah/Semester 6/Pemrograman Web/praktikum-6/vendor/laravel/framework/src/Illuminate/Container/BoundMethod.php(96): Illuminate/Container/Util::unwrapIfClosure(Object(Closure))
#8 D:/Tugas Kuliah/Semester 6/Pemrograman Web/praktikum-6/vendor/laravel/framework/src/Illuminate/Container/BoundMethod.php(35): Illuminate/Container/BoundMethod::callBoundMethod(Object(Illuminate/Foundation/Application), Array, Object(Closure))
#9 D:/Tugas Kuliah/Semester 6/Pemrograman Web/praktikum-6/vendor/laravel/framework/src/Illuminate/Container/Container.php(799): Illuminate/Container/BoundMethod::call(Object(Illuminate/Foundation/Application), Array, Array, NULL)
#10 D:/Tugas Kuliah/Semester 6/Pemrograman Web/praktikum-6/vendor/laravel/framework/src/Illuminate/Console/Command.php(211): Illuminate/Container/Container->call(Array)
#11 D:/Tugas Kuliah/Semester 6/Pemrograman Web/praktikum-6/vendor/symfony/console/Command/Command.php(341): Illuminate/Console/Command->execute(Object(Symfony/Component/Console/Input/ArgvInput), Object(Illuminate/Console/OutputStyle))
#12 D:/Tugas Kuliah/Semester 6/Pemrograman Web/praktikum-6/vendor/laravel/framework/src/Illuminate/Console/Command.php(180): Symfony/Component/Console/Command/Command->run(Object(Symfony/Component/Console/Input/ArgvInput), Object(Illuminate/Console/OutputStyle))
#13 D:/Tugas Kuliah/Semester 6/Pemrograman Web/praktikum-6/vendor/symfony/console/Application.php(1117): Illuminate/Console/Command->run(Object(Symfony/Component/Console/Input/ArgvInput), Object(Symfony/Component/Console/Output/ConsoleOutput))
#14 D:/Tugas Kuliah/Semester 6/Pemrograman Web/praktikum-6/vendor/symfony/console/Application.php(356): Symfony/Component/Console/Application->doRunCommand(Object(Illuminate/Database/Console/Migrations/MigrateMakeCommand), Object(Symfony/Component/Console/Input/ArgvInput), Object(Symfony/Component/Console/Output/ConsoleOutput))
#15 D:/Tugas Kuliah/Semester 6/Pemrograman Web/praktikum-6/vendor/symfony/console/Application.php(195): Symfony/Component/Console/Application->doRun(Object(Symfony/Component/Console/Input/ArgvInput), Object(Symfony/Component/Console/Output/ConsoleOutput))
#16 D:/Tugas Kuliah/Semester 6/Pemrograman Web/praktikum-6/vendor/laravel/framework/src/Illuminate/Foundation/Console/Kernel.php(198): Symfony/Component/Console/Application->run(Object(Symfony/Component/Console/Input/ArgvInput), Object(Symfony/Component/Console/Output/ConsoleOutput))
#17 D:/Tugas Kuliah/Semester 6/Pemrograman Web/praktikum-6/vendor/laravel/framework/src/Illuminate/Foundation/Application.php(1235): Illuminate/Foundation/Console/Kernel->handle(Object(Symfony/Component/Console/Input/ArgvInput), Object(Symfony/Component/Console/Output/ConsoleOutput))
#18 D:/Tugas Kuliah/Semester 6/Pemrograman Web/praktikum-6/artisan(16): Illuminate/Foundation/Application->handleCommand(Object(Symfony/Component/Console/Input/ArgvInput))
#19 {main}
"} 
[2026-05-20 01:36:05] local.ERROR: SQLSTATE[HY000] [2002] No connection could be made because the target machine actively refused it (Connection: mysql, Host: 127.0.0.1, Port: 3306, Database: praktikum_laravel, SQL: select exists (select 1 from information_schema.tables where table_schema = schema() and table_name = 'migrations' and table_type in ('BASE TABLE', 'SYSTEM VERSIONED')) as `exists`) {"exception":"[object] (Illuminate\\Database\\QueryException(code: 2002): SQLSTATE[HY000] [2002] No connection could be made because the target machine actively refused it (Connection: mysql, Host: 127.0.0.1, Port: 3306, Database: praktikum_laravel, SQL: select exists (select 1 from information_schema.tables where table_schema = schema() and table_name = 'migrations' and table_type in ('BASE TABLE', 'SYSTEM VERSIONED')) as `exists`) at D:/Tugas Kuliah/Semester 6/Pemrograman Web/praktikum-6/vendor/laravel/framework/src/Illuminate/Database/Connection.php:838)
[stacktrace]
#0 D:/Tugas Kuliah/Semester 6/Pemrograman Web/praktikum-6/vendor/laravel/framework/src/Illuminate/Database/Connection.php(999): Illuminate/Database/Connection->runQueryCallback('select exists (...', Array, Object(Closure))
#1 D:/Tugas Kuliah/Semester 6/Pemrograman Web/praktikum-6/vendor/laravel/framework/src/Illuminate/Database/Connection.php(978): Illuminate/Database/Connection->tryAgainIfCausedByLostConnection(Object(Illuminate/Database/QueryException), 'select exists (...', Array, Object(Closure))
#2 D:/Tugas Kuliah/Semester 6/Pemrograman Web/praktikum-6/vendor/laravel/framework/src/Illuminate/Database/Connection.php(796): Illuminate/Database/Connection->handleQueryException(Object(Illuminate/Database/QueryException), 'select exists (...', Array, Object(Closure))
#3 D:/Tugas Kuliah/Semester 6/Pemrograman Web/praktikum-6/vendor/laravel/framework/src/Illuminate/Database/Connection.php(411): Illuminate/Database/Connection->run('select exists (...', Array, Object(Closure))
#4 D:/Tugas Kuliah/Semester 6/Pemrograman Web/praktikum-6/vendor/laravel/framework/src/Illuminate/Database/Connection.php(357): Illuminate/Database/Connection->select('select exists (...', Array, true)
#5 D:/Tugas Kuliah/Semester 6/Pemrograman Web/praktikum-6/vendor/laravel/framework/src/Illuminate/Database/Connection.php(374): Illuminate/Database/Connection->selectOne('select exists (...', Array, true)
#6 D:/Tugas Kuliah/Semester 6/Pemrograman Web/praktikum-6/vendor/laravel/framework/src/Illuminate/Database/Schema/Builder.php(176): Illuminate/Database/Connection->scalar('select exists (...')
#7 D:/Tugas Kuliah/Semester 6/Pemrograman Web/praktikum-6/vendor/laravel/framework/src/Illuminate/Database/Migrations/DatabaseMigrationRepository.php(185): Illuminate/Database/Schema/Builder->hasTable('migrations')
#8 D:/Tugas Kuliah/Semester 6/Pemrograman Web/praktikum-6/vendor/laravel/framework/src/Illuminate/Database/Migrations/Migrator.php(758): Illuminate/Database/Migrations/DatabaseMigrationRepository->repositoryExists()
#9 D:/Tugas Kuliah/Semester 6/Pemrograman Web/praktikum-6/vendor/laravel/framework/src/Illuminate/Database/Console/Migrations/MigrateCommand.php(164): Illuminate/Database/Migrations/Migrator->repositoryExists()
#10 D:/Tugas Kuliah/Semester 6/Pemrograman Web/praktikum-6/vendor/laravel/framework/src/Illuminate/Support/helpers.php(328): Illuminate/Database/Console/Migrations/MigrateCommand->Illuminate/Database/Console/Migrations/{closure}(1)
#11 D:/Tugas Kuliah/Semester 6/Pemrograman Web/praktikum-6/vendor/laravel/framework/src/Illuminate/Database/Console/Migrations/MigrateCommand.php(164): retry(1, Object(Closure), 0, Object(Closure))
#12 D:/Tugas Kuliah/Semester 6/Pemrograman Web/praktikum-6/vendor/laravel/framework/src/Illuminate/Database/Console/Migrations/MigrateCommand.php(140): Illuminate/Database/Console/Migrations/MigrateCommand->repositoryExists()
#13 D:/Tugas Kuliah/Semester 6/Pemrograman Web/praktikum-6/vendor/laravel/framework/src/Illuminate/Database/Console/Migrations/MigrateCommand.php(110): Illuminate/Database/Console/Migrations/MigrateCommand->prepareDatabase()
#14 D:/Tugas Kuliah/Semester 6/Pemrograman Web/praktikum-6/vendor/laravel/framework/src/Illuminate/Database/Migrations/Migrator.php(671): Illuminate/Database/Console/Migrations/MigrateCommand->Illuminate/Database/Console/Migrations/{closure}()
#15 D:/Tugas Kuliah/Semester 6/Pemrograman Web/praktikum-6/vendor/laravel/framework/src/Illuminate/Database/Console/Migrations/MigrateCommand.php(109): Illuminate/Database/Migrations/Migrator->usingConnection(NULL, Object(Closure))
#16 D:/Tugas Kuliah/Semester 6/Pemrograman Web/praktikum-6/vendor/laravel/framework/src/Illuminate/Database/Console/Migrations/MigrateCommand.php(88): Illuminate/Database/Console/Migrations/MigrateCommand->runMigrations()
#17 D:/Tugas Kuliah/Semester 6/Pemrograman Web/praktikum-6/vendor/laravel/framework/src/Illuminate/Container/BoundMethod.php(36): Illuminate/Database/Console/Migrations/MigrateCommand->handle()
#18 D:/Tugas Kuliah/Semester 6/Pemrograman Web/praktikum-6/vendor/laravel/framework/src/Illuminate/Container/Util.php(43): Illuminate/Container/BoundMethod::Illuminate/Container/{closure}()
#19 D:/Tugas Kuliah/Semester 6/Pemrograman Web/praktikum-6/vendor/laravel/framework/src/Illuminate/Container/BoundMethod.php(96): Illuminate/Container/Util::unwrapIfClosure(Object(Closure))
#20 D:/Tugas Kuliah/Semester 6/Pemrograman Web/praktikum-6/vendor/laravel/framework/src/Illuminate/Container/BoundMethod.php(35): Illuminate/Container/BoundMethod::callBoundMethod(Object(Illuminate/Foundation/Application), Array, Object(Closure))
#21 D:/Tugas Kuliah/Semester 6/Pemrograman Web/praktikum-6/vendor/laravel/framework/src/Illuminate/Container/Container.php(799): Illuminate/Container/BoundMethod::call(Object(Illuminate/Foundation/Application), Array, Array, NULL)
#22 D:/Tugas Kuliah/Semester 6/Pemrograman Web/praktikum-6/vendor/laravel/framework/src/Illuminate/Console/Command.php(211): Illuminate/Container/Container->call(Array)
#23 D:/Tugas Kuliah/Semester 6/Pemrograman Web/praktikum-6/vendor/symfony/console/Command/Command.php(341): Illuminate/Console/Command->execute(Object(Symfony/Component/Console/Input/ArgvInput), Object(Illuminate/Console/OutputStyle))
#24 D:/Tugas Kuliah/Semester 6/Pemrograman Web/praktikum-6/vendor/laravel/framework/src/Illuminate/Console/Command.php(180): Symfony/Component/Console/Command/Command->run(Object(Symfony/Component/Console/Input/ArgvInput), Object(Illuminate/Console/OutputStyle))
#25 D:/Tugas Kuliah/Semester 6/Pemrograman Web/praktikum-6/vendor/symfony/console/Application.php(1117): Illuminate/Console/Command->run(Object(Symfony/Component/Console/Input/ArgvInput), Object(Symfony/Component/Console/Output/ConsoleOutput))
#26 D:/Tugas Kuliah/Semester 6/Pemrograman Web/praktikum-6/vendor/symfony/console/Application.php(356): Symfony/Component/Console/Application->doRunCommand(Object(Illuminate/Database/Console/Migrations/MigrateCommand), Object(Symfony/Component/Console/Input/ArgvInput), Object(Symfony/Component/Console/Output/ConsoleOutput))
#27 D:/Tugas Kuliah/Semester 6/Pemrograman Web/praktikum-6/vendor/symfony/console/Application.php(195): Symfony/Component/Console/Application->doRun(Object(Symfony/Component/Console/Input/ArgvInput), Object(Symfony/Component/Console/Output/ConsoleOutput))
#28 D:/Tugas Kuliah/Semester 6/Pemrograman Web/praktikum-6/vendor/laravel/framework/src/Illuminate/Foundation/Console/Kernel.php(198): Symfony/Component/Console/Application->run(Object(Symfony/Component/Console/Input/ArgvInput), Object(Symfony/Component/Console/Output/ConsoleOutput))
#29 D:/Tugas Kuliah/Semester 6/Pemrograman Web/praktikum-6/vendor/laravel/framework/src/Illuminate/Foundation/Application.php(1235): Illuminate/Foundation/Console/Kernel->handle(Object(Symfony/Component/Console/Input/ArgvInput), Object(Symfony/Component/Console/Output/ConsoleOutput))
#30 D:/Tugas Kuliah/Semester 6/Pemrograman Web/praktikum-6/artisan(16): Illuminate/Foundation/Application->handleCommand(Object(Symfony/Component/Console/Input/ArgvInput))
#31 {main}

[previous exception] [object] (PDOException(code: 2002): SQLSTATE[HY000] [2002] No connection could be made because the target machine actively refused it at D:/Tugas Kuliah/Semester 6/Pemrograman Web/praktikum-6/vendor/laravel/framework/src/Illuminate/Database/Connectors/Connector.php:66)
[stacktrace]
#0 D:/Tugas Kuliah/Semester 6/Pemrograman Web/praktikum-6/vendor/laravel/framework/src/Illuminate/Database/Connectors/Connector.php(66): PDO->__construct('mysql:host=127....', 'root', Object(SensitiveParameterValue), Array)
#1 D:/Tugas Kuliah/Semester 6/Pemrograman Web/praktikum-6/vendor/laravel/framework/src/Illuminate/Database/Connectors/Connector.php(85): Illuminate/Database/Connectors/Connector->createPdoConnection('mysql:host=127....', 'root', Object(SensitiveParameterValue), Array)
#2 D:/Tugas Kuliah/Semester 6/Pemrograman Web/praktikum-6/vendor/laravel/framework/src/Illuminate/Database/Connectors/Connector.php(48): Illuminate/Database/Connectors/Connector->tryAgainIfCausedByLostConnection(Object(PDOException), 'mysql:host=127....', 'root', Object(SensitiveParameterValue), Array)
#3 D:/Tugas Kuliah/Semester 6/Pemrograman Web/praktikum-6/vendor/laravel/framework/src/Illuminate/Database/Connectors/MySqlConnector.php(24): Illuminate/Database/Connectors/Connector->createConnection('mysql:host=127....', Array, Array)
#4 D:/Tugas Kuliah/Semester 6/Pemrograman Web/praktikum-6/vendor/laravel/framework/src/Illuminate/Database/Connectors/ConnectionFactory.php(186): Illuminate/Database/Connectors/MySqlConnector->connect(Array)
#5 [internal function]: Illuminate/Database/Connectors/ConnectionFactory->Illuminate/Database/Connectors/{closure}()
#6 D:/Tugas Kuliah/Semester 6/Pemrograman Web/praktikum-6/vendor/laravel/framework/src/Illuminate/Database/Connection.php(1257): call_user_func(Object(Closure))
#7 D:/Tugas Kuliah/Semester 6/Pemrograman Web/praktikum-6/vendor/laravel/framework/src/Illuminate/Database/Connection.php(1295): Illuminate/Database/Connection->getPdo()
#8 D:/Tugas Kuliah/Semester 6/Pemrograman Web/praktikum-6/vendor/laravel/framework/src/Illuminate/Database/Connection.php(525): Illuminate/Database/Connection->getReadPdo()
#9 D:/Tugas Kuliah/Semester 6/Pemrograman Web/praktikum-6/vendor/laravel/framework/src/Illuminate/Database/Connection.php(420): Illuminate/Database/Connection->getPdoForSelect(true)
#10 D:/Tugas Kuliah/Semester 6/Pemrograman Web/praktikum-6/vendor/laravel/framework/src/Illuminate/Database/Connection.php(827): Illuminate/Database/Connection->Illuminate/Database/{closure}('select exists (...', Array)
#11 D:/Tugas Kuliah/Semester 6/Pemrograman Web/praktikum-6/vendor/laravel/framework/src/Illuminate/Database/Connection.php(999): Illuminate/Database/Connection->runQueryCallback('select exists (...', Array, Object(Closure))
#12 D:/Tugas Kuliah/Semester 6/Pemrograman Web/praktikum-6/vendor/laravel/framework/src/Illuminate/Database/Connection.php(978): Illuminate/Database/Connection->tryAgainIfCausedByLostConnection(Object(Illuminate/Database/QueryException), 'select exists (...', Array, Object(Closure))
#13 D:/Tugas Kuliah/Semester 6/Pemrograman Web/praktikum-6/vendor/laravel/framework/src/Illuminate/Database/Connection.php(796): Illuminate/Database/Connection->handleQueryException(Object(Illuminate/Database/QueryException), 'select exists (...', Array, Object(Closure))
#14 D:/Tugas Kuliah/Semester 6/Pemrograman Web/praktikum-6/vendor/laravel/framework/src/Illuminate/Database/Connection.php(411): Illuminate/Database/Connection->run('select exists (...', Array, Object(Closure))
#15 D:/Tugas Kuliah/Semester 6/Pemrograman Web/praktikum-6/vendor/laravel/framework/src/Illuminate/Database/Connection.php(357): Illuminate/Database/Connection->select('select exists (...', Array, true)
#16 D:/Tugas Kuliah/Semester 6/Pemrograman Web/praktikum-6/vendor/laravel/framework/src/Illuminate/Database/Connection.php(374): Illuminate/Database/Connection->selectOne('select exists (...', Array, true)
#17 D:/Tugas Kuliah/Semester 6/Pemrograman Web/praktikum-6/vendor/laravel/framework/src/Illuminate/Database/Schema/Builder.php(176): Illuminate/Database/Connection->scalar('select exists (...')
#18 D:/Tugas Kuliah/Semester 6/Pemrograman Web/praktikum-6/vendor/laravel/framework/src/Illuminate/Database/Migrations/DatabaseMigrationRepository.php(185): Illuminate/Database/Schema/Builder->hasTable('migrations')
#19 D:/Tugas Kuliah/Semester 6/Pemrograman Web/praktikum-6/vendor/laravel/framework/src/Illuminate/Database/Migrations/Migrator.php(758): Illuminate/Database/Migrations/DatabaseMigrationRepository->repositoryExists()
#20 D:/Tugas Kuliah/Semester 6/Pemrograman Web/praktikum-6/vendor/laravel/framework/src/Illuminate/Database/Console/Migrations/MigrateCommand.php(164): Illuminate/Database/Migrations/Migrator->repositoryExists()
#21 D:/Tugas Kuliah/Semester 6/Pemrograman Web/praktikum-6/vendor/laravel/framework/src/Illuminate/Support/helpers.php(328): Illuminate/Database/Console/Migrations/MigrateCommand->Illuminate/Database/Console/Migrations/{closure}(1)
#22 D:/Tugas Kuliah/Semester 6/Pemrograman Web/praktikum-6/vendor/laravel/framework/src/Illuminate/Database/Console/Migrations/MigrateCommand.php(164): retry(1, Object(Closure), 0, Object(Closure))
#23 D:/Tugas Kuliah/Semester 6/Pemrograman Web/praktikum-6/vendor/laravel/framework/src/Illuminate/Database/Console/Migrations/MigrateCommand.php(140): Illuminate/Database/Console/Migrations/MigrateCommand->repositoryExists()
#24 D:/Tugas Kuliah/Semester 6/Pemrograman Web/praktikum-6/vendor/laravel/framework/src/Illuminate/Database/Console/Migrations/MigrateCommand.php(110): Illuminate/Database/Console/Migrations/MigrateCommand->prepareDatabase()
#25 D:/Tugas Kuliah/Semester 6/Pemrograman Web/praktikum-6/vendor/laravel/framework/src/Illuminate/Database/Migrations/Migrator.php(671): Illuminate/Database/Console/Migrations/MigrateCommand->Illuminate/Database/Console/Migrations/{closure}()
#26 D:/Tugas Kuliah/Semester 6/Pemrograman Web/praktikum-6/vendor/laravel/framework/src/Illuminate/Database/Console/Migrations/MigrateCommand.php(109): Illuminate/Database/Migrations/Migrator->usingConnection(NULL, Object(Closure))
#27 D:/Tugas Kuliah/Semester 6/Pemrograman Web/praktikum-6/vendor/laravel/framework/src/Illuminate/Database/Console/Migrations/MigrateCommand.php(88): Illuminate/Database/Console/Migrations/MigrateCommand->runMigrations()
#28 D:/Tugas Kuliah/Semester 6/Pemrograman Web/praktikum-6/vendor/laravel/framework/src/Illuminate/Container/BoundMethod.php(36): Illuminate/Database/Console/Migrations/MigrateCommand->handle()
#29 D:/Tugas Kuliah/Semester 6/Pemrograman Web/praktikum-6/vendor/laravel/framework/src/Illuminate/Container/Util.php(43): Illuminate/Container/BoundMethod::Illuminate/Container/{closure}()
#30 D:/Tugas Kuliah/Semester 6/Pemrograman Web/praktikum-6/vendor/laravel/framework/src/Illuminate/Container/BoundMethod.php(96): Illuminate/Container/Util::unwrapIfClosure(Object(Closure))
#31 D:/Tugas Kuliah/Semester 6/Pemrograman Web/praktikum-6/vendor/laravel/framework/src/Illuminate/Container/BoundMethod.php(35): Illuminate/Container/BoundMethod::callBoundMethod(Object(Illuminate/Foundation/Application), Array, Object(Closure))
#32 D:/Tugas Kuliah/Semester 6/Pemrograman Web/praktikum-6/vendor/laravel/framework/src/Illuminate/Container/Container.php(799): Illuminate/Container/BoundMethod::call(Object(Illuminate/Foundation/Application), Array, Array, NULL)
#33 D:/Tugas Kuliah/Semester 6/Pemrograman Web/praktikum-6/vendor/laravel/framework/src/Illuminate/Console/Command.php(211): Illuminate/Container/Container->call(Array)
#34 D:/Tugas Kuliah/Semester 6/Pemrograman Web/praktikum-6/vendor/symfony/console/Command/Command.php(341): Illuminate/Console/Command->execute(Object(Symfony/Component/Console/Input/ArgvInput), Object(Illuminate/Console/OutputStyle))
#35 D:/Tugas Kuliah/Semester 6/Pemrograman Web/praktikum-6/vendor/laravel/framework/src/Illuminate/Console/Command.php(180): Symfony/Component/Console/Command/Command->run(Object(Symfony/Component/Console/Input/ArgvInput), Object(Illuminate/Console/OutputStyle))
#36 D:/Tugas Kuliah/Semester 6/Pemrograman Web/praktikum-6/vendor/symfony/console/Application.php(1117): Illuminate/Console/Command->run(Object(Symfony/Component/Console/Input/ArgvInput), Object(Symfony/Component/Console/Output/ConsoleOutput))
#37 D:/Tugas Kuliah/Semester 6/Pemrograman Web/praktikum-6/vendor/symfony/console/Application.php(356): Symfony/Component/Console/Application->doRunCommand(Object(Illuminate/Database/Console/Migrations/MigrateCommand), Object(Symfony/Component/Console/Input/ArgvInput), Object(Symfony/Component/Console/Output/ConsoleOutput))
#38 D:/Tugas Kuliah/Semester 6/Pemrograman Web/praktikum-6/vendor/symfony/console/Application.php(195): Symfony/Component/Console/Application->doRun(Object(Symfony/Component/Console/Input/ArgvInput), Object(Symfony/Component/Console/Output/ConsoleOutput))
#39 D:/Tugas Kuliah/Semester 6/Pemrograman Web/praktikum-6/vendor/laravel/framework/src/Illuminate/Foundation/Console/Kernel.php(198): Symfony/Component/Console/Application->run(Object(Symfony/Component/Console/Input/ArgvInput), Object(Symfony/Component/Console/Output/ConsoleOutput))
#40 D:/Tugas Kuliah/Semester 6/Pemrograman Web/praktikum-6/vendor/laravel/framework/src/Illuminate/Foundation/Application.php(1235): Illuminate/Foundation/Console/Kernel->handle(Object(Symfony/Component/Console/Input/ArgvInput), Object(Symfony/Component/Console/Output/ConsoleOutput))
#41 D:/Tugas Kuliah/Semester 6/Pemrograman Web/praktikum-6/artisan(16): Illuminate/Foundation/Application->handleCommand(Object(Symfony/Component/Console/Input/ArgvInput))
#42 {main}
"} 
[2026-05-20 01:59:07] local.ERROR: SQLSTATE[42S02]: Base table or view not found: 1146 Table 'praktikum_laravel.products' doesn't exist (Connection: mysql, Host: 127.0.0.1, Port: 3306, Database: praktikum_laravel, SQL: insert into `products` (`created_at`, `description`, `name`, `price`, `updated_at`) values (2026-05-20 01:59:04, Laptop untuk pemrograman, Laptop, 7000000, 2026-05-20 01:59:04), (2026-05-20 01:59:04, Mouse wireless, Mouse, 150000, 2026-05-20 01:59:04)) {"exception":"[object] (Illuminate\\Database\\QueryException(code: 42S02): SQLSTATE[42S02]: Base table or view not found: 1146 Table 'praktikum_laravel.products' doesn't exist (Connection: mysql, Host: 127.0.0.1, Port: 3306, Database: praktikum_laravel, SQL: insert into `products` (`created_at`, `description`, `name`, `price`, `updated_at`) values (2026-05-20 01:59:04, Laptop untuk pemrograman, Laptop, 7000000, 2026-05-20 01:59:04), (2026-05-20 01:59:04, Mouse wireless, Mouse, 150000, 2026-05-20 01:59:04)) at D:/Tugas Kuliah/Semester 6/Pemrograman Web/praktikum-6/vendor/laravel/framework/src/Illuminate/Database/Connection.php:838)
[stacktrace]
#0 D:/Tugas Kuliah/Semester 6/Pemrograman Web/praktikum-6/vendor/laravel/framework/src/Illuminate/Database/Connection.php(794): Illuminate/Database/Connection->runQueryCallback('insert into `pr...', Array, Object(Closure))
#1 D:/Tugas Kuliah/Semester 6/Pemrograman Web/praktikum-6/vendor/laravel/framework/src/Illuminate/Database/MySqlConnection.php(42): Illuminate/Database/Connection->run('insert into `pr...', Array, Object(Closure))
#2 D:/Tugas Kuliah/Semester 6/Pemrograman Web/praktikum-6/vendor/laravel/framework/src/Illuminate/Database/Query/Builder.php(4121): Illuminate/Database/MySqlConnection->insert('insert into `pr...', Array)
#3 D:/Tugas Kuliah/Semester 6/Pemrograman Web/praktikum-6/database/seeders/ProductSeeder.php(15): Illuminate/Database/Query/Builder->insert(Array)
#4 D:/Tugas Kuliah/Semester 6/Pemrograman Web/praktikum-6/vendor/laravel/framework/src/Illuminate/Container/BoundMethod.php(36): Database/Seeders/ProductSeeder->run()
#5 D:/Tugas Kuliah/Semester 6/Pemrograman Web/praktikum-6/vendor/laravel/framework/src/Illuminate/Container/Util.php(43): Illuminate/Container/BoundMethod::Illuminate/Container/{closure}()
#6 D:/Tugas Kuliah/Semester 6/Pemrograman Web/praktikum-6/vendor/laravel/framework/src/Illuminate/Container/BoundMethod.php(96): Illuminate/Container/Util::unwrapIfClosure(Object(Closure))
#7 D:/Tugas Kuliah/Semester 6/Pemrograman Web/praktikum-6/vendor/laravel/framework/src/Illuminate/Container/BoundMethod.php(35): Illuminate/Container/BoundMethod::callBoundMethod(Object(Illuminate/Foundation/Application), Array, Object(Closure))
#8 D:/Tugas Kuliah/Semester 6/Pemrograman Web/praktikum-6/vendor/laravel/framework/src/Illuminate/Container/Container.php(799): Illuminate/Container/BoundMethod::call(Object(Illuminate/Foundation/Application), Array, Array, NULL)
#9 D:/Tugas Kuliah/Semester 6/Pemrograman Web/praktikum-6/vendor/laravel/framework/src/Illuminate/Database/Seeder.php(184): Illuminate/Container/Container->call(Array, Array)
#10 D:/Tugas Kuliah/Semester 6/Pemrograman Web/praktikum-6/vendor/laravel/framework/src/Illuminate/Database/Seeder.php(193): Illuminate/Database/Seeder->Illuminate/Database/{closure}()
#11 D:/Tugas Kuliah/Semester 6/Pemrograman Web/praktikum-6/vendor/laravel/framework/src/Illuminate/Database/Seeder.php(59): Illuminate/Database/Seeder->__invoke(Array)
#12 D:/Tugas Kuliah/Semester 6/Pemrograman Web/praktikum-6/database/seeders/DatabaseSeeder.php(15): Illuminate/Database/Seeder->call('Database//Seeder...')
#13 D:/Tugas Kuliah/Semester 6/Pemrograman Web/praktikum-6/vendor/laravel/framework/src/Illuminate/Container/BoundMethod.php(36): Database/Seeders/DatabaseSeeder->run()
#14 D:/Tugas Kuliah/Semester 6/Pemrograman Web/praktikum-6/vendor/laravel/framework/src/Illuminate/Container/Util.php(43): Illuminate/Container/BoundMethod::Illuminate/Container/{closure}()
#15 D:/Tugas Kuliah/Semester 6/Pemrograman Web/praktikum-6/vendor/laravel/framework/src/Illuminate/Container/BoundMethod.php(96): Illuminate/Container/Util::unwrapIfClosure(Object(Closure))
#16 D:/Tugas Kuliah/Semester 6/Pemrograman Web/praktikum-6/vendor/laravel/framework/src/Illuminate/Container/BoundMethod.php(35): Illuminate/Container/BoundMethod::callBoundMethod(Object(Illuminate/Foundation/Application), Array, Object(Closure))
#17 D:/Tugas Kuliah/Semester 6/Pemrograman Web/praktikum-6/vendor/laravel/framework/src/Illuminate/Container/Container.php(799): Illuminate/Container/BoundMethod::call(Object(Illuminate/Foundation/Application), Array, Array, NULL)
#18 D:/Tugas Kuliah/Semester 6/Pemrograman Web/praktikum-6/vendor/laravel/framework/src/Illuminate/Database/Seeder.php(184): Illuminate/Container/Container->call(Array, Array)
#19 D:/Tugas Kuliah/Semester 6/Pemrograman Web/praktikum-6/vendor/laravel/framework/src/Illuminate/Database/Seeder.php(193): Illuminate/Database/Seeder->Illuminate/Database/{closure}()
#20 D:/Tugas Kuliah/Semester 6/Pemrograman Web/praktikum-6/vendor/laravel/framework/src/Illuminate/Database/Console/Seeds/SeedCommand.php(71): Illuminate/Database/Seeder->__invoke()
#21 D:/Tugas Kuliah/Semester 6/Pemrograman Web/praktikum-6/vendor/laravel/framework/src/Illuminate/Database/Eloquent/Concerns/GuardsAttributes.php(157): Illuminate/Database/Console/Seeds/SeedCommand->Illuminate/Database/Console/Seeds/{closure}()
#22 D:/Tugas Kuliah/Semester 6/Pemrograman Web/praktikum-6/vendor/laravel/framework/src/Illuminate/Database/Console/Seeds/SeedCommand.php(70): Illuminate/Database/Eloquent/Model::unguarded(Object(Closure))
#23 D:/Tugas Kuliah/Semester 6/Pemrograman Web/praktikum-6/vendor/laravel/framework/src/Illuminate/Container/BoundMethod.php(36): Illuminate/Database/Console/Seeds/SeedCommand->handle()
#24 D:/Tugas Kuliah/Semester 6/Pemrograman Web/praktikum-6/vendor/laravel/framework/src/Illuminate/Container/Util.php(43): Illuminate/Container/BoundMethod::Illuminate/Container/{closure}()
#25 D:/Tugas Kuliah/Semester 6/Pemrograman Web/praktikum-6/vendor/laravel/framework/src/Illuminate/Container/BoundMethod.php(96): Illuminate/Container/Util::unwrapIfClosure(Object(Closure))
#26 D:/Tugas Kuliah/Semester 6/Pemrograman Web/praktikum-6/vendor/laravel/framework/src/Illuminate/Container/BoundMethod.php(35): Illuminate/Container/BoundMethod::callBoundMethod(Object(Illuminate/Foundation/Application), Array, Object(Closure))
#27 D:/Tugas Kuliah/Semester 6/Pemrograman Web/praktikum-6/vendor/laravel/framework/src/Illuminate/Container/Container.php(799): Illuminate/Container/BoundMethod::call(Object(Illuminate/Foundation/Application), Array, Array, NULL)
#28 D:/Tugas Kuliah/Semester 6/Pemrograman Web/praktikum-6/vendor/laravel/framework/src/Illuminate/Console/Command.php(211): Illuminate/Container/Container->call(Array)
#29 D:/Tugas Kuliah/Semester 6/Pemrograman Web/praktikum-6/vendor/symfony/console/Command/Command.php(341): Illuminate/Console/Command->execute(Object(Symfony/Component/Console/Input/ArgvInput), Object(Illuminate/Console/OutputStyle))
#30 D:/Tugas Kuliah/Semester 6/Pemrograman Web/praktikum-6/vendor/laravel/framework/src/Illuminate/Console/Command.php(180): Symfony/Component/Console/Command/Command->run(Object(Symfony/Component/Console/Input/ArgvInput), Object(Illuminate/Console/OutputStyle))
#31 D:/Tugas Kuliah/Semester 6/Pemrograman Web/praktikum-6/vendor/symfony/console/Application.php(1117): Illuminate/Console/Command->run(Object(Symfony/Component/Console/Input/ArgvInput), Object(Symfony/Component/Console/Output/ConsoleOutput))
#32 D:/Tugas Kuliah/Semester 6/Pemrograman Web/praktikum-6/vendor/symfony/console/Application.php(356): Symfony/Component/Console/Application->doRunCommand(Object(Illuminate/Database/Console/Seeds/SeedCommand), Object(Symfony/Component/Console/Input/ArgvInput), Object(Symfony/Component/Console/Output/ConsoleOutput))
#33 D:/Tugas Kuliah/Semester 6/Pemrograman Web/praktikum-6/vendor/symfony/console/Application.php(195): Symfony/Component/Console/Application->doRun(Object(Symfony/Component/Console/Input/ArgvInput), Object(Symfony/Component/Console/Output/ConsoleOutput))
#34 D:/Tugas Kuliah/Semester 6/Pemrograman Web/praktikum-6/vendor/laravel/framework/src/Illuminate/Foundation/Console/Kernel.php(198): Symfony/Component/Console/Application->run(Object(Symfony/Component/Console/Input/ArgvInput), Object(Symfony/Component/Console/Output/ConsoleOutput))
#35 D:/Tugas Kuliah/Semester 6/Pemrograman Web/praktikum-6/vendor/laravel/framework/src/Illuminate/Foundation/Application.php(1235): Illuminate/Foundation/Console/Kernel->handle(Object(Symfony/Component/Console/Input/ArgvInput), Object(Symfony/Component/Console/Output/ConsoleOutput))
#36 D:/Tugas Kuliah/Semester 6/Pemrograman Web/praktikum-6/artisan(16): Illuminate/Foundation/Application->handleCommand(Object(Symfony/Component/Console/Input/ArgvInput))
#37 {main}

[previous exception] [object] (PDOException(code: 42S02): SQLSTATE[42S02]: Base table or view not found: 1146 Table 'praktikum_laravel.products' doesn't exist at D:/Tugas Kuliah/Semester 6/Pemrograman Web/praktikum-6/vendor/laravel/framework/src/Illuminate/Database/MySqlConnection.php:47)
[stacktrace]
#0 D:/Tugas Kuliah/Semester 6/Pemrograman Web/praktikum-6/vendor/laravel/framework/src/Illuminate/Database/MySqlConnection.php(47): PDO->prepare('insert into `pr...')
#1 D:/Tugas Kuliah/Semester 6/Pemrograman Web/praktikum-6/vendor/laravel/framework/src/Illuminate/Database/Connection.php(827): Illuminate/Database/MySqlConnection->Illuminate/Database/{closure}('insert into `pr...', Array)
#2 D:/Tugas Kuliah/Semester 6/Pemrograman Web/praktikum-6/vendor/laravel/framework/src/Illuminate/Database/Connection.php(794): Illuminate/Database/Connection->runQueryCallback('insert into `pr...', Array, Object(Closure))
#3 D:/Tugas Kuliah/Semester 6/Pemrograman Web/praktikum-6/vendor/laravel/framework/src/Illuminate/Database/MySqlConnection.php(42): Illuminate/Database/Connection->run('insert into `pr...', Array, Object(Closure))
#4 D:/Tugas Kuliah/Semester 6/Pemrograman Web/praktikum-6/vendor/laravel/framework/src/Illuminate/Database/Query/Builder.php(4121): Illuminate/Database/MySqlConnection->insert('insert into `pr...', Array)
#5 D:/Tugas Kuliah/Semester 6/Pemrograman Web/praktikum-6/database/seeders/ProductSeeder.php(15): Illuminate/Database/Query/Builder->insert(Array)
#6 D:/Tugas Kuliah/Semester 6/Pemrograman Web/praktikum-6/vendor/laravel/framework/src/Illuminate/Container/BoundMethod.php(36): Database/Seeders/ProductSeeder->run()
#7 D:/Tugas Kuliah/Semester 6/Pemrograman Web/praktikum-6/vendor/laravel/framework/src/Illuminate/Container/Util.php(43): Illuminate/Container/BoundMethod::Illuminate/Container/{closure}()
#8 D:/Tugas Kuliah/Semester 6/Pemrograman Web/praktikum-6/vendor/laravel/framework/src/Illuminate/Container/BoundMethod.php(96): Illuminate/Container/Util::unwrapIfClosure(Object(Closure))
#9 D:/Tugas Kuliah/Semester 6/Pemrograman Web/praktikum-6/vendor/laravel/framework/src/Illuminate/Container/BoundMethod.php(35): Illuminate/Container/BoundMethod::callBoundMethod(Object(Illuminate/Foundation/Application), Array, Object(Closure))
#10 D:/Tugas Kuliah/Semester 6/Pemrograman Web/praktikum-6/vendor/laravel/framework/src/Illuminate/Container/Container.php(799): Illuminate/Container/BoundMethod::call(Object(Illuminate/Foundation/Application), Array, Array, NULL)
#11 D:/Tugas Kuliah/Semester 6/Pemrograman Web/praktikum-6/vendor/laravel/framework/src/Illuminate/Database/Seeder.php(184): Illuminate/Container/Container->call(Array, Array)
#12 D:/Tugas Kuliah/Semester 6/Pemrograman Web/praktikum-6/vendor/laravel/framework/src/Illuminate/Database/Seeder.php(193): Illuminate/Database/Seeder->Illuminate/Database/{closure}()
#13 D:/Tugas Kuliah/Semester 6/Pemrograman Web/praktikum-6/vendor/laravel/framework/src/Illuminate/Database/Seeder.php(59): Illuminate/Database/Seeder->__invoke(Array)
#14 D:/Tugas Kuliah/Semester 6/Pemrograman Web/praktikum-6/database/seeders/DatabaseSeeder.php(15): Illuminate/Database/Seeder->call('Database//Seeder...')
#15 D:/Tugas Kuliah/Semester 6/Pemrograman Web/praktikum-6/vendor/laravel/framework/src/Illuminate/Container/BoundMethod.php(36): Database/Seeders/DatabaseSeeder->run()
#16 D:/Tugas Kuliah/Semester 6/Pemrograman Web/praktikum-6/vendor/laravel/framework/src/Illuminate/Container/Util.php(43): Illuminate/Container/BoundMethod::Illuminate/Container/{closure}()
#17 D:/Tugas Kuliah/Semester 6/Pemrograman Web/praktikum-6/vendor/laravel/framework/src/Illuminate/Container/BoundMethod.php(96): Illuminate/Container/Util::unwrapIfClosure(Object(Closure))
#18 D:/Tugas Kuliah/Semester 6/Pemrograman Web/praktikum-6/vendor/laravel/framework/src/Illuminate/Container/BoundMethod.php(35): Illuminate/Container/BoundMethod::callBoundMethod(Object(Illuminate/Foundation/Application), Array, Object(Closure))
#19 D:/Tugas Kuliah/Semester 6/Pemrograman Web/praktikum-6/vendor/laravel/framework/src/Illuminate/Container/Container.php(799): Illuminate/Container/BoundMethod::call(Object(Illuminate/Foundation/Application), Array, Array, NULL)
#20 D:/Tugas Kuliah/Semester 6/Pemrograman Web/praktikum-6/vendor/laravel/framework/src/Illuminate/Database/Seeder.php(184): Illuminate/Container/Container->call(Array, Array)
#21 D:/Tugas Kuliah/Semester 6/Pemrograman Web/praktikum-6/vendor/laravel/framework/src/Illuminate/Database/Seeder.php(193): Illuminate/Database/Seeder->Illuminate/Database/{closure}()
#22 D:/Tugas Kuliah/Semester 6/Pemrograman Web/praktikum-6/vendor/laravel/framework/src/Illuminate/Database/Console/Seeds/SeedCommand.php(71): Illuminate/Database/Seeder->__invoke()
#23 D:/Tugas Kuliah/Semester 6/Pemrograman Web/praktikum-6/vendor/laravel/framework/src/Illuminate/Database/Eloquent/Concerns/GuardsAttributes.php(157): Illuminate/Database/Console/Seeds/SeedCommand->Illuminate/Database/Console/Seeds/{closure}()
#24 D:/Tugas Kuliah/Semester 6/Pemrograman Web/praktikum-6/vendor/laravel/framework/src/Illuminate/Database/Console/Seeds/SeedCommand.php(70): Illuminate/Database/Eloquent/Model::unguarded(Object(Closure))
#25 D:/Tugas Kuliah/Semester 6/Pemrograman Web/praktikum-6/vendor/laravel/framework/src/Illuminate/Container/BoundMethod.php(36): Illuminate/Database/Console/Seeds/SeedCommand->handle()
#26 D:/Tugas Kuliah/Semester 6/Pemrograman Web/praktikum-6/vendor/laravel/framework/src/Illuminate/Container/Util.php(43): Illuminate/Container/BoundMethod::Illuminate/Container/{closure}()
#27 D:/Tugas Kuliah/Semester 6/Pemrograman Web/praktikum-6/vendor/laravel/framework/src/Illuminate/Container/BoundMethod.php(96): Illuminate/Container/Util::unwrapIfClosure(Object(Closure))
#28 D:/Tugas Kuliah/Semester 6/Pemrograman Web/praktikum-6/vendor/laravel/framework/src/Illuminate/Container/BoundMethod.php(35): Illuminate/Container/BoundMethod::callBoundMethod(Object(Illuminate/Foundation/Application), Array, Object(Closure))
#29 D:/Tugas Kuliah/Semester 6/Pemrograman Web/praktikum-6/vendor/laravel/framework/src/Illuminate/Container/Container.php(799): Illuminate/Container/BoundMethod::call(Object(Illuminate/Foundation/Application), Array, Array, NULL)
#30 D:/Tugas Kuliah/Semester 6/Pemrograman Web/praktikum-6/vendor/laravel/framework/src/Illuminate/Console/Command.php(211): Illuminate/Container/Container->call(Array)
#31 D:/Tugas Kuliah/Semester 6/Pemrograman Web/praktikum-6/vendor/symfony/console/Command/Command.php(341): Illuminate/Console/Command->execute(Object(Symfony/Component/Console/Input/ArgvInput), Object(Illuminate/Console/OutputStyle))
#32 D:/Tugas Kuliah/Semester 6/Pemrograman Web/praktikum-6/vendor/laravel/framework/src/Illuminate/Console/Command.php(180): Symfony/Component/Console/Command/Command->run(Object(Symfony/Component/Console/Input/ArgvInput), Object(Illuminate/Console/OutputStyle))
#33 D:/Tugas Kuliah/Semester 6/Pemrograman Web/praktikum-6/vendor/symfony/console/Application.php(1117): Illuminate/Console/Command->run(Object(Symfony/Component/Console/Input/ArgvInput), Object(Symfony/Component/Console/Output/ConsoleOutput))
#34 D:/Tugas Kuliah/Semester 6/Pemrograman Web/praktikum-6/vendor/symfony/console/Application.php(356): Symfony/Component/Console/Application->doRunCommand(Object(Illuminate/Database/Console/Seeds/SeedCommand), Object(Symfony/Component/Console/Input/ArgvInput), Object(Symfony/Component/Console/Output/ConsoleOutput))
#35 D:/Tugas Kuliah/Semester 6/Pemrograman Web/praktikum-6/vendor/symfony/console/Application.php(195): Symfony/Component/Console/Application->doRun(Object(Symfony/Component/Console/Input/ArgvInput), Object(Symfony/Component/Console/Output/ConsoleOutput))
#36 D:/Tugas Kuliah/Semester 6/Pemrograman Web/praktikum-6/vendor/laravel/framework/src/Illuminate/Foundation/Console/Kernel.php(198): Symfony/Component/Console/Application->run(Object(Symfony/Component/Console/Input/ArgvInput), Object(Symfony/Component/Console/Output/ConsoleOutput))
#37 D:/Tugas Kuliah/Semester 6/Pemrograman Web/praktikum-6/vendor/laravel/framework/src/Illuminate/Foundation/Application.php(1235): Illuminate/Foundation/Console/Kernel->handle(Object(Symfony/Component/Console/Input/ArgvInput), Object(Symfony/Component/Console/Output/ConsoleOutput))
#38 D:/Tugas Kuliah/Semester 6/Pemrograman Web/praktikum-6/artisan(16): Illuminate/Foundation/Application->handleCommand(Object(Symfony/Component/Console/Input/ArgvInput))
#39 {main}
"} 
[2026-05-20 02:00:22] local.ERROR: SQLSTATE[42S02]: Base table or view not found: 1146 Table 'praktikum_laravel.products' doesn't exist (Connection: mysql, Host: 127.0.0.1, Port: 3306, Database: praktikum_laravel, SQL: insert into `products` (`created_at`, `description`, `name`, `price`, `updated_at`) values (2026-05-20 02:00:22, Laptop untuk pemrograman, Laptop, 7000000, 2026-05-20 02:00:22), (2026-05-20 02:00:22, Mouse wireless, Mouse, 150000, 2026-05-20 02:00:22)) {"exception":"[object] (Illuminate\\Database\\QueryException(code: 42S02): SQLSTATE[42S02]: Base table or view not found: 1146 Table 'praktikum_laravel.products' doesn't exist (Connection: mysql, Host: 127.0.0.1, Port: 3306, Database: praktikum_laravel, SQL: insert into `products` (`created_at`, `description`, `name`, `price`, `updated_at`) values (2026-05-20 02:00:22, Laptop untuk pemrograman, Laptop, 7000000, 2026-05-20 02:00:22), (2026-05-20 02:00:22, Mouse wireless, Mouse, 150000, 2026-05-20 02:00:22)) at D:/Tugas Kuliah/Semester 6/Pemrograman Web/praktikum-6/vendor/laravel/framework/src/Illuminate/Database/Connection.php:838)
[stacktrace]
#0 D:/Tugas Kuliah/Semester 6/Pemrograman Web/praktikum-6/vendor/laravel/framework/src/Illuminate/Database/Connection.php(794): Illuminate/Database/Connection->runQueryCallback('insert into `pr...', Array, Object(Closure))
#1 D:/Tugas Kuliah/Semester 6/Pemrograman Web/praktikum-6/vendor/laravel/framework/src/Illuminate/Database/MySqlConnection.php(42): Illuminate/Database/Connection->run('insert into `pr...', Array, Object(Closure))
#2 D:/Tugas Kuliah/Semester 6/Pemrograman Web/praktikum-6/vendor/laravel/framework/src/Illuminate/Database/Query/Builder.php(4121): Illuminate/Database/MySqlConnection->insert('insert into `pr...', Array)
#3 D:/Tugas Kuliah/Semester 6/Pemrograman Web/praktikum-6/database/seeders/ProductSeeder.php(15): Illuminate/Database/Query/Builder->insert(Array)
#4 D:/Tugas Kuliah/Semester 6/Pemrograman Web/praktikum-6/vendor/laravel/framework/src/Illuminate/Container/BoundMethod.php(36): Database/Seeders/ProductSeeder->run()
#5 D:/Tugas Kuliah/Semester 6/Pemrograman Web/praktikum-6/vendor/laravel/framework/src/Illuminate/Container/Util.php(43): Illuminate/Container/BoundMethod::Illuminate/Container/{closure}()
#6 D:/Tugas Kuliah/Semester 6/Pemrograman Web/praktikum-6/vendor/laravel/framework/src/Illuminate/Container/BoundMethod.php(96): Illuminate/Container/Util::unwrapIfClosure(Object(Closure))
#7 D:/Tugas Kuliah/Semester 6/Pemrograman Web/praktikum-6/vendor/laravel/framework/src/Illuminate/Container/BoundMethod.php(35): Illuminate/Container/BoundMethod::callBoundMethod(Object(Illuminate/Foundation/Application), Array, Object(Closure))
#8 D:/Tugas Kuliah/Semester 6/Pemrograman Web/praktikum-6/vendor/laravel/framework/src/Illuminate/Container/Container.php(799): Illuminate/Container/BoundMethod::call(Object(Illuminate/Foundation/Application), Array, Array, NULL)
#9 D:/Tugas Kuliah/Semester 6/Pemrograman Web/praktikum-6/vendor/laravel/framework/src/Illuminate/Database/Seeder.php(184): Illuminate/Container/Container->call(Array, Array)
#10 D:/Tugas Kuliah/Semester 6/Pemrograman Web/praktikum-6/vendor/laravel/framework/src/Illuminate/Database/Seeder.php(193): Illuminate/Database/Seeder->Illuminate/Database/{closure}()
#11 D:/Tugas Kuliah/Semester 6/Pemrograman Web/praktikum-6/vendor/laravel/framework/src/Illuminate/Database/Seeder.php(59): Illuminate/Database/Seeder->__invoke(Array)
#12 D:/Tugas Kuliah/Semester 6/Pemrograman Web/praktikum-6/database/seeders/DatabaseSeeder.php(15): Illuminate/Database/Seeder->call('Database//Seeder...')
#13 D:/Tugas Kuliah/Semester 6/Pemrograman Web/praktikum-6/vendor/laravel/framework/src/Illuminate/Container/BoundMethod.php(36): Database/Seeders/DatabaseSeeder->run()
#14 D:/Tugas Kuliah/Semester 6/Pemrograman Web/praktikum-6/vendor/laravel/framework/src/Illuminate/Container/Util.php(43): Illuminate/Container/BoundMethod::Illuminate/Container/{closure}()
#15 D:/Tugas Kuliah/Semester 6/Pemrograman Web/praktikum-6/vendor/laravel/framework/src/Illuminate/Container/BoundMethod.php(96): Illuminate/Container/Util::unwrapIfClosure(Object(Closure))
#16 D:/Tugas Kuliah/Semester 6/Pemrograman Web/praktikum-6/vendor/laravel/framework/src/Illuminate/Container/BoundMethod.php(35): Illuminate/Container/BoundMethod::callBoundMethod(Object(Illuminate/Foundation/Application), Array, Object(Closure))
#17 D:/Tugas Kuliah/Semester 6/Pemrograman Web/praktikum-6/vendor/laravel/framework/src/Illuminate/Container/Container.php(799): Illuminate/Container/BoundMethod::call(Object(Illuminate/Foundation/Application), Array, Array, NULL)
#18 D:/Tugas Kuliah/Semester 6/Pemrograman Web/praktikum-6/vendor/laravel/framework/src/Illuminate/Database/Seeder.php(184): Illuminate/Container/Container->call(Array, Array)
#19 D:/Tugas Kuliah/Semester 6/Pemrograman Web/praktikum-6/vendor/laravel/framework/src/Illuminate/Database/Seeder.php(193): Illuminate/Database/Seeder->Illuminate/Database/{closure}()
#20 D:/Tugas Kuliah/Semester 6/Pemrograman Web/praktikum-6/vendor/laravel/framework/src/Illuminate/Database/Console/Seeds/SeedCommand.php(71): Illuminate/Database/Seeder->__invoke()
#21 D:/Tugas Kuliah/Semester 6/Pemrograman Web/praktikum-6/vendor/laravel/framework/src/Illuminate/Database/Eloquent/Concerns/GuardsAttributes.php(157): Illuminate/Database/Console/Seeds/SeedCommand->Illuminate/Database/Console/Seeds/{closure}()
#22 D:/Tugas Kuliah/Semester 6/Pemrograman Web/praktikum-6/vendor/laravel/framework/src/Illuminate/Database/Console/Seeds/SeedCommand.php(70): Illuminate/Database/Eloquent/Model::unguarded(Object(Closure))
#23 D:/Tugas Kuliah/Semester 6/Pemrograman Web/praktikum-6/vendor/laravel/framework/src/Illuminate/Container/BoundMethod.php(36): Illuminate/Database/Console/Seeds/SeedCommand->handle()
#24 D:/Tugas Kuliah/Semester 6/Pemrograman Web/praktikum-6/vendor/laravel/framework/src/Illuminate/Container/Util.php(43): Illuminate/Container/BoundMethod::Illuminate/Container/{closure}()
#25 D:/Tugas Kuliah/Semester 6/Pemrograman Web/praktikum-6/vendor/laravel/framework/src/Illuminate/Container/BoundMethod.php(96): Illuminate/Container/Util::unwrapIfClosure(Object(Closure))
#26 D:/Tugas Kuliah/Semester 6/Pemrograman Web/praktikum-6/vendor/laravel/framework/src/Illuminate/Container/BoundMethod.php(35): Illuminate/Container/BoundMethod::callBoundMethod(Object(Illuminate/Foundation/Application), Array, Object(Closure))
#27 D:/Tugas Kuliah/Semester 6/Pemrograman Web/praktikum-6/vendor/laravel/framework/src/Illuminate/Container/Container.php(799): Illuminate/Container/BoundMethod::call(Object(Illuminate/Foundation/Application), Array, Array, NULL)
#28 D:/Tugas Kuliah/Semester 6/Pemrograman Web/praktikum-6/vendor/laravel/framework/src/Illuminate/Console/Command.php(211): Illuminate/Container/Container->call(Array)
#29 D:/Tugas Kuliah/Semester 6/Pemrograman Web/praktikum-6/vendor/symfony/console/Command/Command.php(341): Illuminate/Console/Command->execute(Object(Symfony/Component/Console/Input/ArgvInput), Object(Illuminate/Console/OutputStyle))
#30 D:/Tugas Kuliah/Semester 6/Pemrograman Web/praktikum-6/vendor/laravel/framework/src/Illuminate/Console/Command.php(180): Symfony/Component/Console/Command/Command->run(Object(Symfony/Component/Console/Input/ArgvInput), Object(Illuminate/Console/OutputStyle))
#31 D:/Tugas Kuliah/Semester 6/Pemrograman Web/praktikum-6/vendor/symfony/console/Application.php(1117): Illuminate/Console/Command->run(Object(Symfony/Component/Console/Input/ArgvInput), Object(Symfony/Component/Console/Output/ConsoleOutput))
#32 D:/Tugas Kuliah/Semester 6/Pemrograman Web/praktikum-6/vendor/symfony/console/Application.php(356): Symfony/Component/Console/Application->doRunCommand(Object(Illuminate/Database/Console/Seeds/SeedCommand), Object(Symfony/Component/Console/Input/ArgvInput), Object(Symfony/Component/Console/Output/ConsoleOutput))
#33 D:/Tugas Kuliah/Semester 6/Pemrograman Web/praktikum-6/vendor/symfony/console/Application.php(195): Symfony/Component/Console/Application->doRun(Object(Symfony/Component/Console/Input/ArgvInput), Object(Symfony/Component/Console/Output/ConsoleOutput))
#34 D:/Tugas Kuliah/Semester 6/Pemrograman Web/praktikum-6/vendor/laravel/framework/src/Illuminate/Foundation/Console/Kernel.php(198): Symfony/Component/Console/Application->run(Object(Symfony/Component/Console/Input/ArgvInput), Object(Symfony/Component/Console/Output/ConsoleOutput))
#35 D:/Tugas Kuliah/Semester 6/Pemrograman Web/praktikum-6/vendor/laravel/framework/src/Illuminate/Foundation/Application.php(1235): Illuminate/Foundation/Console/Kernel->handle(Object(Symfony/Component/Console/Input/ArgvInput), Object(Symfony/Component/Console/Output/ConsoleOutput))
#36 D:/Tugas Kuliah/Semester 6/Pemrograman Web/praktikum-6/artisan(16): Illuminate/Foundation/Application->handleCommand(Object(Symfony/Component/Console/Input/ArgvInput))
#37 {main}

[previous exception] [object] (PDOException(code: 42S02): SQLSTATE[42S02]: Base table or view not found: 1146 Table 'praktikum_laravel.products' doesn't exist at D:/Tugas Kuliah/Semester 6/Pemrograman Web/praktikum-6/vendor/laravel/framework/src/Illuminate/Database/MySqlConnection.php:47)
[stacktrace]
#0 D:/Tugas Kuliah/Semester 6/Pemrograman Web/praktikum-6/vendor/laravel/framework/src/Illuminate/Database/MySqlConnection.php(47): PDO->prepare('insert into `pr...')
#1 D:/Tugas Kuliah/Semester 6/Pemrograman Web/praktikum-6/vendor/laravel/framework/src/Illuminate/Database/Connection.php(827): Illuminate/Database/MySqlConnection->Illuminate/Database/{closure}('insert into `pr...', Array)
#2 D:/Tugas Kuliah/Semester 6/Pemrograman Web/praktikum-6/vendor/laravel/framework/src/Illuminate/Database/Connection.php(794): Illuminate/Database/Connection->runQueryCallback('insert into `pr...', Array, Object(Closure))
#3 D:/Tugas Kuliah/Semester 6/Pemrograman Web/praktikum-6/vendor/laravel/framework/src/Illuminate/Database/MySqlConnection.php(42): Illuminate/Database/Connection->run('insert into `pr...', Array, Object(Closure))
#4 D:/Tugas Kuliah/Semester 6/Pemrograman Web/praktikum-6/vendor/laravel/framework/src/Illuminate/Database/Query/Builder.php(4121): Illuminate/Database/MySqlConnection->insert('insert into `pr...', Array)
#5 D:/Tugas Kuliah/Semester 6/Pemrograman Web/praktikum-6/database/seeders/ProductSeeder.php(15): Illuminate/Database/Query/Builder->insert(Array)
#6 D:/Tugas Kuliah/Semester 6/Pemrograman Web/praktikum-6/vendor/laravel/framework/src/Illuminate/Container/BoundMethod.php(36): Database/Seeders/ProductSeeder->run()
#7 D:/Tugas Kuliah/Semester 6/Pemrograman Web/praktikum-6/vendor/laravel/framework/src/Illuminate/Container/Util.php(43): Illuminate/Container/BoundMethod::Illuminate/Container/{closure}()
#8 D:/Tugas Kuliah/Semester 6/Pemrograman Web/praktikum-6/vendor/laravel/framework/src/Illuminate/Container/BoundMethod.php(96): Illuminate/Container/Util::unwrapIfClosure(Object(Closure))
#9 D:/Tugas Kuliah/Semester 6/Pemrograman Web/praktikum-6/vendor/laravel/framework/src/Illuminate/Container/BoundMethod.php(35): Illuminate/Container/BoundMethod::callBoundMethod(Object(Illuminate/Foundation/Application), Array, Object(Closure))
#10 D:/Tugas Kuliah/Semester 6/Pemrograman Web/praktikum-6/vendor/laravel/framework/src/Illuminate/Container/Container.php(799): Illuminate/Container/BoundMethod::call(Object(Illuminate/Foundation/Application), Array, Array, NULL)
#11 D:/Tugas Kuliah/Semester 6/Pemrograman Web/praktikum-6/vendor/laravel/framework/src/Illuminate/Database/Seeder.php(184): Illuminate/Container/Container->call(Array, Array)
#12 D:/Tugas Kuliah/Semester 6/Pemrograman Web/praktikum-6/vendor/laravel/framework/src/Illuminate/Database/Seeder.php(193): Illuminate/Database/Seeder->Illuminate/Database/{closure}()
#13 D:/Tugas Kuliah/Semester 6/Pemrograman Web/praktikum-6/vendor/laravel/framework/src/Illuminate/Database/Seeder.php(59): Illuminate/Database/Seeder->__invoke(Array)
#14 D:/Tugas Kuliah/Semester 6/Pemrograman Web/praktikum-6/database/seeders/DatabaseSeeder.php(15): Illuminate/Database/Seeder->call('Database//Seeder...')
#15 D:/Tugas Kuliah/Semester 6/Pemrograman Web/praktikum-6/vendor/laravel/framework/src/Illuminate/Container/BoundMethod.php(36): Database/Seeders/DatabaseSeeder->run()
#16 D:/Tugas Kuliah/Semester 6/Pemrograman Web/praktikum-6/vendor/laravel/framework/src/Illuminate/Container/Util.php(43): Illuminate/Container/BoundMethod::Illuminate/Container/{closure}()
#17 D:/Tugas Kuliah/Semester 6/Pemrograman Web/praktikum-6/vendor/laravel/framework/src/Illuminate/Container/BoundMethod.php(96): Illuminate/Container/Util::unwrapIfClosure(Object(Closure))
#18 D:/Tugas Kuliah/Semester 6/Pemrograman Web/praktikum-6/vendor/laravel/framework/src/Illuminate/Container/BoundMethod.php(35): Illuminate/Container/BoundMethod::callBoundMethod(Object(Illuminate/Foundation/Application), Array, Object(Closure))
#19 D:/Tugas Kuliah/Semester 6/Pemrograman Web/praktikum-6/vendor/laravel/framework/src/Illuminate/Container/Container.php(799): Illuminate/Container/BoundMethod::call(Object(Illuminate/Foundation/Application), Array, Array, NULL)
#20 D:/Tugas Kuliah/Semester 6/Pemrograman Web/praktikum-6/vendor/laravel/framework/src/Illuminate/Database/Seeder.php(184): Illuminate/Container/Container->call(Array, Array)
#21 D:/Tugas Kuliah/Semester 6/Pemrograman Web/praktikum-6/vendor/laravel/framework/src/Illuminate/Database/Seeder.php(193): Illuminate/Database/Seeder->Illuminate/Database/{closure}()
#22 D:/Tugas Kuliah/Semester 6/Pemrograman Web/praktikum-6/vendor/laravel/framework/src/Illuminate/Database/Console/Seeds/SeedCommand.php(71): Illuminate/Database/Seeder->__invoke()
#23 D:/Tugas Kuliah/Semester 6/Pemrograman Web/praktikum-6/vendor/laravel/framework/src/Illuminate/Database/Eloquent/Concerns/GuardsAttributes.php(157): Illuminate/Database/Console/Seeds/SeedCommand->Illuminate/Database/Console/Seeds/{closure}()
#24 D:/Tugas Kuliah/Semester 6/Pemrograman Web/praktikum-6/vendor/laravel/framework/src/Illuminate/Database/Console/Seeds/SeedCommand.php(70): Illuminate/Database/Eloquent/Model::unguarded(Object(Closure))
#25 D:/Tugas Kuliah/Semester 6/Pemrograman Web/praktikum-6/vendor/laravel/framework/src/Illuminate/Container/BoundMethod.php(36): Illuminate/Database/Console/Seeds/SeedCommand->handle()
#26 D:/Tugas Kuliah/Semester 6/Pemrograman Web/praktikum-6/vendor/laravel/framework/src/Illuminate/Container/Util.php(43): Illuminate/Container/BoundMethod::Illuminate/Container/{closure}()
#27 D:/Tugas Kuliah/Semester 6/Pemrograman Web/praktikum-6/vendor/laravel/framework/src/Illuminate/Container/BoundMethod.php(96): Illuminate/Container/Util::unwrapIfClosure(Object(Closure))
#28 D:/Tugas Kuliah/Semester 6/Pemrograman Web/praktikum-6/vendor/laravel/framework/src/Illuminate/Container/BoundMethod.php(35): Illuminate/Container/BoundMethod::callBoundMethod(Object(Illuminate/Foundation/Application), Array, Object(Closure))
#29 D:/Tugas Kuliah/Semester 6/Pemrograman Web/praktikum-6/vendor/laravel/framework/src/Illuminate/Container/Container.php(799): Illuminate/Container/BoundMethod::call(Object(Illuminate/Foundation/Application), Array, Array, NULL)
#30 D:/Tugas Kuliah/Semester 6/Pemrograman Web/praktikum-6/vendor/laravel/framework/src/Illuminate/Console/Command.php(211): Illuminate/Container/Container->call(Array)
#31 D:/Tugas Kuliah/Semester 6/Pemrograman Web/praktikum-6/vendor/symfony/console/Command/Command.php(341): Illuminate/Console/Command->execute(Object(Symfony/Component/Console/Input/ArgvInput), Object(Illuminate/Console/OutputStyle))
#32 D:/Tugas Kuliah/Semester 6/Pemrograman Web/praktikum-6/vendor/laravel/framework/src/Illuminate/Console/Command.php(180): Symfony/Component/Console/Command/Command->run(Object(Symfony/Component/Console/Input/ArgvInput), Object(Illuminate/Console/OutputStyle))
#33 D:/Tugas Kuliah/Semester 6/Pemrograman Web/praktikum-6/vendor/symfony/console/Application.php(1117): Illuminate/Console/Command->run(Object(Symfony/Component/Console/Input/ArgvInput), Object(Symfony/Component/Console/Output/ConsoleOutput))
#34 D:/Tugas Kuliah/Semester 6/Pemrograman Web/praktikum-6/vendor/symfony/console/Application.php(356): Symfony/Component/Console/Application->doRunCommand(Object(Illuminate/Database/Console/Seeds/SeedCommand), Object(Symfony/Component/Console/Input/ArgvInput), Object(Symfony/Component/Console/Output/ConsoleOutput))
#35 D:/Tugas Kuliah/Semester 6/Pemrograman Web/praktikum-6/vendor/symfony/console/Application.php(195): Symfony/Component/Console/Application->doRun(Object(Symfony/Component/Console/Input/ArgvInput), Object(Symfony/Component/Console/Output/ConsoleOutput))
#36 D:/Tugas Kuliah/Semester 6/Pemrograman Web/praktikum-6/vendor/laravel/framework/src/Illuminate/Foundation/Console/Kernel.php(198): Symfony/Component/Console/Application->run(Object(Symfony/Component/Console/Input/ArgvInput), Object(Symfony/Component/Console/Output/ConsoleOutput))
#37 D:/Tugas Kuliah/Semester 6/Pemrograman Web/praktikum-6/vendor/laravel/framework/src/Illuminate/Foundation/Application.php(1235): Illuminate/Foundation/Console/Kernel->handle(Object(Symfony/Component/Console/Input/ArgvInput), Object(Symfony/Component/Console/Output/ConsoleOutput))
#38 D:/Tugas Kuliah/Semester 6/Pemrograman Web/praktikum-6/artisan(16): Illuminate/Foundation/Application->handleCommand(Object(Symfony/Component/Console/Input/ArgvInput))
#39 {main}
"} 
[2026-05-20 02:01:09] local.ERROR: SQLSTATE[42S02]: Base table or view not found: 1146 Table 'praktikum_laravel.products' doesn't exist (Connection: mysql, Host: 127.0.0.1, Port: 3306, Database: praktikum_laravel, SQL: insert into `products` (`created_at`, `description`, `name`, `price`, `updated_at`) values (2026-05-20 02:01:08, Laptop untuk pemrograman, Laptop, 7000000, 2026-05-20 02:01:08), (2026-05-20 02:01:08, Mouse wireless, Mouse, 150000, 2026-05-20 02:01:08)) {"exception":"[object] (Illuminate\\Database\\QueryException(code: 42S02): SQLSTATE[42S02]: Base table or view not found: 1146 Table 'praktikum_laravel.products' doesn't exist (Connection: mysql, Host: 127.0.0.1, Port: 3306, Database: praktikum_laravel, SQL: insert into `products` (`created_at`, `description`, `name`, `price`, `updated_at`) values (2026-05-20 02:01:08, Laptop untuk pemrograman, Laptop, 7000000, 2026-05-20 02:01:08), (2026-05-20 02:01:08, Mouse wireless, Mouse, 150000, 2026-05-20 02:01:08)) at D:/Tugas Kuliah/Semester 6/Pemrograman Web/praktikum-6/vendor/laravel/framework/src/Illuminate/Database/Connection.php:838)
[stacktrace]
#0 D:/Tugas Kuliah/Semester 6/Pemrograman Web/praktikum-6/vendor/laravel/framework/src/Illuminate/Database/Connection.php(794): Illuminate/Database/Connection->runQueryCallback('insert into `pr...', Array, Object(Closure))
#1 D:/Tugas Kuliah/Semester 6/Pemrograman Web/praktikum-6/vendor/laravel/framework/src/Illuminate/Database/MySqlConnection.php(42): Illuminate/Database/Connection->run('insert into `pr...', Array, Object(Closure))
#2 D:/Tugas Kuliah/Semester 6/Pemrograman Web/praktikum-6/vendor/laravel/framework/src/Illuminate/Database/Query/Builder.php(4121): Illuminate/Database/MySqlConnection->insert('insert into `pr...', Array)
#3 D:/Tugas Kuliah/Semester 6/Pemrograman Web/praktikum-6/database/seeders/ProductSeeder.php(15): Illuminate/Database/Query/Builder->insert(Array)
#4 D:/Tugas Kuliah/Semester 6/Pemrograman Web/praktikum-6/vendor/laravel/framework/src/Illuminate/Container/BoundMethod.php(36): Database/Seeders/ProductSeeder->run()
#5 D:/Tugas Kuliah/Semester 6/Pemrograman Web/praktikum-6/vendor/laravel/framework/src/Illuminate/Container/Util.php(43): Illuminate/Container/BoundMethod::Illuminate/Container/{closure}()
#6 D:/Tugas Kuliah/Semester 6/Pemrograman Web/praktikum-6/vendor/laravel/framework/src/Illuminate/Container/BoundMethod.php(96): Illuminate/Container/Util::unwrapIfClosure(Object(Closure))
#7 D:/Tugas Kuliah/Semester 6/Pemrograman Web/praktikum-6/vendor/laravel/framework/src/Illuminate/Container/BoundMethod.php(35): Illuminate/Container/BoundMethod::callBoundMethod(Object(Illuminate/Foundation/Application), Array, Object(Closure))
#8 D:/Tugas Kuliah/Semester 6/Pemrograman Web/praktikum-6/vendor/laravel/framework/src/Illuminate/Container/Container.php(799): Illuminate/Container/BoundMethod::call(Object(Illuminate/Foundation/Application), Array, Array, NULL)
#9 D:/Tugas Kuliah/Semester 6/Pemrograman Web/praktikum-6/vendor/laravel/framework/src/Illuminate/Database/Seeder.php(184): Illuminate/Container/Container->call(Array, Array)
#10 D:/Tugas Kuliah/Semester 6/Pemrograman Web/praktikum-6/vendor/laravel/framework/src/Illuminate/Database/Seeder.php(193): Illuminate/Database/Seeder->Illuminate/Database/{closure}()
#11 D:/Tugas Kuliah/Semester 6/Pemrograman Web/praktikum-6/vendor/laravel/framework/src/Illuminate/Database/Seeder.php(59): Illuminate/Database/Seeder->__invoke(Array)
#12 D:/Tugas Kuliah/Semester 6/Pemrograman Web/praktikum-6/database/seeders/DatabaseSeeder.php(15): Illuminate/Database/Seeder->call('Database//Seeder...')
#13 D:/Tugas Kuliah/Semester 6/Pemrograman Web/praktikum-6/vendor/laravel/framework/src/Illuminate/Container/BoundMethod.php(36): Database/Seeders/DatabaseSeeder->run()
#14 D:/Tugas Kuliah/Semester 6/Pemrograman Web/praktikum-6/vendor/laravel/framework/src/Illuminate/Container/Util.php(43): Illuminate/Container/BoundMethod::Illuminate/Container/{closure}()
#15 D:/Tugas Kuliah/Semester 6/Pemrograman Web/praktikum-6/vendor/laravel/framework/src/Illuminate/Container/BoundMethod.php(96): Illuminate/Container/Util::unwrapIfClosure(Object(Closure))
#16 D:/Tugas Kuliah/Semester 6/Pemrograman Web/praktikum-6/vendor/laravel/framework/src/Illuminate/Container/BoundMethod.php(35): Illuminate/Container/BoundMethod::callBoundMethod(Object(Illuminate/Foundation/Application), Array, Object(Closure))
#17 D:/Tugas Kuliah/Semester 6/Pemrograman Web/praktikum-6/vendor/laravel/framework/src/Illuminate/Container/Container.php(799): Illuminate/Container/BoundMethod::call(Object(Illuminate/Foundation/Application), Array, Array, NULL)
#18 D:/Tugas Kuliah/Semester 6/Pemrograman Web/praktikum-6/vendor/laravel/framework/src/Illuminate/Database/Seeder.php(184): Illuminate/Container/Container->call(Array, Array)
#19 D:/Tugas Kuliah/Semester 6/Pemrograman Web/praktikum-6/vendor/laravel/framework/src/Illuminate/Database/Seeder.php(193): Illuminate/Database/Seeder->Illuminate/Database/{closure}()
#20 D:/Tugas Kuliah/Semester 6/Pemrograman Web/praktikum-6/vendor/laravel/framework/src/Illuminate/Database/Console/Seeds/SeedCommand.php(71): Illuminate/Database/Seeder->__invoke()
#21 D:/Tugas Kuliah/Semester 6/Pemrograman Web/praktikum-6/vendor/laravel/framework/src/Illuminate/Database/Eloquent/Concerns/GuardsAttributes.php(157): Illuminate/Database/Console/Seeds/SeedCommand->Illuminate/Database/Console/Seeds/{closure}()
#22 D:/Tugas Kuliah/Semester 6/Pemrograman Web/praktikum-6/vendor/laravel/framework/src/Illuminate/Database/Console/Seeds/SeedCommand.php(70): Illuminate/Database/Eloquent/Model::unguarded(Object(Closure))
#23 D:/Tugas Kuliah/Semester 6/Pemrograman Web/praktikum-6/vendor/laravel/framework/src/Illuminate/Container/BoundMethod.php(36): Illuminate/Database/Console/Seeds/SeedCommand->handle()
#24 D:/Tugas Kuliah/Semester 6/Pemrograman Web/praktikum-6/vendor/laravel/framework/src/Illuminate/Container/Util.php(43): Illuminate/Container/BoundMethod::Illuminate/Container/{closure}()
#25 D:/Tugas Kuliah/Semester 6/Pemrograman Web/praktikum-6/vendor/laravel/framework/src/Illuminate/Container/BoundMethod.php(96): Illuminate/Container/Util::unwrapIfClosure(Object(Closure))
#26 D:/Tugas Kuliah/Semester 6/Pemrograman Web/praktikum-6/vendor/laravel/framework/src/Illuminate/Container/BoundMethod.php(35): Illuminate/Container/BoundMethod::callBoundMethod(Object(Illuminate/Foundation/Application), Array, Object(Closure))
#27 D:/Tugas Kuliah/Semester 6/Pemrograman Web/praktikum-6/vendor/laravel/framework/src/Illuminate/Container/Container.php(799): Illuminate/Container/BoundMethod::call(Object(Illuminate/Foundation/Application), Array, Array, NULL)
#28 D:/Tugas Kuliah/Semester 6/Pemrograman Web/praktikum-6/vendor/laravel/framework/src/Illuminate/Console/Command.php(211): Illuminate/Container/Container->call(Array)
#29 D:/Tugas Kuliah/Semester 6/Pemrograman Web/praktikum-6/vendor/symfony/console/Command/Command.php(341): Illuminate/Console/Command->execute(Object(Symfony/Component/Console/Input/ArrayInput), Object(Illuminate/Console/OutputStyle))
#30 D:/Tugas Kuliah/Semester 6/Pemrograman Web/praktikum-6/vendor/laravel/framework/src/Illuminate/Console/Command.php(180): Symfony/Component/Console/Command/Command->run(Object(Symfony/Component/Console/Input/ArrayInput), Object(Illuminate/Console/OutputStyle))
#31 D:/Tugas Kuliah/Semester 6/Pemrograman Web/praktikum-6/vendor/laravel/framework/src/Illuminate/Console/Concerns/CallsCommands.php(68): Illuminate/Console/Command->run(Object(Symfony/Component/Console/Input/ArrayInput), Object(Illuminate/Console/OutputStyle))
#32 D:/Tugas Kuliah/Semester 6/Pemrograman Web/praktikum-6/vendor/laravel/framework/src/Illuminate/Console/Concerns/CallsCommands.php(29): Illuminate/Console/Command->runCommand('db:seed', Array, Object(Illuminate/Console/OutputStyle))
#33 D:/Tugas Kuliah/Semester 6/Pemrograman Web/praktikum-6/vendor/laravel/framework/src/Illuminate/Database/Console/Migrations/FreshCommand.php(128): Illuminate/Console/Command->call('db:seed', Array)
#34 D:/Tugas Kuliah/Semester 6/Pemrograman Web/praktikum-6/vendor/laravel/framework/src/Illuminate/Database/Console/Migrations/FreshCommand.php(104): Illuminate/Database/Console/Migrations/FreshCommand->runSeeder(NULL)
#35 D:/Tugas Kuliah/Semester 6/Pemrograman Web/praktikum-6/vendor/laravel/framework/src/Illuminate/Container/BoundMethod.php(36): Illuminate/Database/Console/Migrations/FreshCommand->handle()
#36 D:/Tugas Kuliah/Semester 6/Pemrograman Web/praktikum-6/vendor/laravel/framework/src/Illuminate/Container/Util.php(43): Illuminate/Container/BoundMethod::Illuminate/Container/{closure}()
#37 D:/Tugas Kuliah/Semester 6/Pemrograman Web/praktikum-6/vendor/laravel/framework/src/Illuminate/Container/BoundMethod.php(96): Illuminate/Container/Util::unwrapIfClosure(Object(Closure))
#38 D:/Tugas Kuliah/Semester 6/Pemrograman Web/praktikum-6/vendor/laravel/framework/src/Illuminate/Container/BoundMethod.php(35): Illuminate/Container/BoundMethod::callBoundMethod(Object(Illuminate/Foundation/Application), Array, Object(Closure))
#39 D:/Tugas Kuliah/Semester 6/Pemrograman Web/praktikum-6/vendor/laravel/framework/src/Illuminate/Container/Container.php(799): Illuminate/Container/BoundMethod::call(Object(Illuminate/Foundation/Application), Array, Array, NULL)
#40 D:/Tugas Kuliah/Semester 6/Pemrograman Web/praktikum-6/vendor/laravel/framework/src/Illuminate/Console/Command.php(211): Illuminate/Container/Container->call(Array)
#41 D:/Tugas Kuliah/Semester 6/Pemrograman Web/praktikum-6/vendor/symfony/console/Command/Command.php(341): Illuminate/Console/Command->execute(Object(Symfony/Component/Console/Input/ArgvInput), Object(Illuminate/Console/OutputStyle))
#42 D:/Tugas Kuliah/Semester 6/Pemrograman Web/praktikum-6/vendor/laravel/framework/src/Illuminate/Console/Command.php(180): Symfony/Component/Console/Command/Command->run(Object(Symfony/Component/Console/Input/ArgvInput), Object(Illuminate/Console/OutputStyle))
#43 D:/Tugas Kuliah/Semester 6/Pemrograman Web/praktikum-6/vendor/symfony/console/Application.php(1117): Illuminate/Console/Command->run(Object(Symfony/Component/Console/Input/ArgvInput), Object(Symfony/Component/Console/Output/ConsoleOutput))
#44 D:/Tugas Kuliah/Semester 6/Pemrograman Web/praktikum-6/vendor/symfony/console/Application.php(356): Symfony/Component/Console/Application->doRunCommand(Object(Illuminate/Database/Console/Migrations/FreshCommand), Object(Symfony/Component/Console/Input/ArgvInput), Object(Symfony/Component/Console/Output/ConsoleOutput))
#45 D:/Tugas Kuliah/Semester 6/Pemrograman Web/praktikum-6/vendor/symfony/console/Application.php(195): Symfony/Component/Console/Application->doRun(Object(Symfony/Component/Console/Input/ArgvInput), Object(Symfony/Component/Console/Output/ConsoleOutput))
#46 D:/Tugas Kuliah/Semester 6/Pemrograman Web/praktikum-6/vendor/laravel/framework/src/Illuminate/Foundation/Console/Kernel.php(198): Symfony/Component/Console/Application->run(Object(Symfony/Component/Console/Input/ArgvInput), Object(Symfony/Component/Console/Output/ConsoleOutput))
#47 D:/Tugas Kuliah/Semester 6/Pemrograman Web/praktikum-6/vendor/laravel/framework/src/Illuminate/Foundation/Application.php(1235): Illuminate/Foundation/Console/Kernel->handle(Object(Symfony/Component/Console/Input/ArgvInput), Object(Symfony/Component/Console/Output/ConsoleOutput))
#48 D:/Tugas Kuliah/Semester 6/Pemrograman Web/praktikum-6/artisan(16): Illuminate/Foundation/Application->handleCommand(Object(Symfony/Component/Console/Input/ArgvInput))
#49 {main}

[previous exception] [object] (PDOException(code: 42S02): SQLSTATE[42S02]: Base table or view not found: 1146 Table 'praktikum_laravel.products' doesn't exist at D:/Tugas Kuliah/Semester 6/Pemrograman Web/praktikum-6/vendor/laravel/framework/src/Illuminate/Database/MySqlConnection.php:47)
[stacktrace]
#0 D:/Tugas Kuliah/Semester 6/Pemrograman Web/praktikum-6/vendor/laravel/framework/src/Illuminate/Database/MySqlConnection.php(47): PDO->prepare('insert into `pr...')
#1 D:/Tugas Kuliah/Semester 6/Pemrograman Web/praktikum-6/vendor/laravel/framework/src/Illuminate/Database/Connection.php(827): Illuminate/Database/MySqlConnection->Illuminate/Database/{closure}('insert into `pr...', Array)
#2 D:/Tugas Kuliah/Semester 6/Pemrograman Web/praktikum-6/vendor/laravel/framework/src/Illuminate/Database/Connection.php(794): Illuminate/Database/Connection->runQueryCallback('insert into `pr...', Array, Object(Closure))
#3 D:/Tugas Kuliah/Semester 6/Pemrograman Web/praktikum-6/vendor/laravel/framework/src/Illuminate/Database/MySqlConnection.php(42): Illuminate/Database/Connection->run('insert into `pr...', Array, Object(Closure))
#4 D:/Tugas Kuliah/Semester 6/Pemrograman Web/praktikum-6/vendor/laravel/framework/src/Illuminate/Database/Query/Builder.php(4121): Illuminate/Database/MySqlConnection->insert('insert into `pr...', Array)
#5 D:/Tugas Kuliah/Semester 6/Pemrograman Web/praktikum-6/database/seeders/ProductSeeder.php(15): Illuminate/Database/Query/Builder->insert(Array)
#6 D:/Tugas Kuliah/Semester 6/Pemrograman Web/praktikum-6/vendor/laravel/framework/src/Illuminate/Container/BoundMethod.php(36): Database/Seeders/ProductSeeder->run()
#7 D:/Tugas Kuliah/Semester 6/Pemrograman Web/praktikum-6/vendor/laravel/framework/src/Illuminate/Container/Util.php(43): Illuminate/Container/BoundMethod::Illuminate/Container/{closure}()
#8 D:/Tugas Kuliah/Semester 6/Pemrograman Web/praktikum-6/vendor/laravel/framework/src/Illuminate/Container/BoundMethod.php(96): Illuminate/Container/Util::unwrapIfClosure(Object(Closure))
#9 D:/Tugas Kuliah/Semester 6/Pemrograman Web/praktikum-6/vendor/laravel/framework/src/Illuminate/Container/BoundMethod.php(35): Illuminate/Container/BoundMethod::callBoundMethod(Object(Illuminate/Foundation/Application), Array, Object(Closure))
#10 D:/Tugas Kuliah/Semester 6/Pemrograman Web/praktikum-6/vendor/laravel/framework/src/Illuminate/Container/Container.php(799): Illuminate/Container/BoundMethod::call(Object(Illuminate/Foundation/Application), Array, Array, NULL)
#11 D:/Tugas Kuliah/Semester 6/Pemrograman Web/praktikum-6/vendor/laravel/framework/src/Illuminate/Database/Seeder.php(184): Illuminate/Container/Container->call(Array, Array)
#12 D:/Tugas Kuliah/Semester 6/Pemrograman Web/praktikum-6/vendor/laravel/framework/src/Illuminate/Database/Seeder.php(193): Illuminate/Database/Seeder->Illuminate/Database/{closure}()
#13 D:/Tugas Kuliah/Semester 6/Pemrograman Web/praktikum-6/vendor/laravel/framework/src/Illuminate/Database/Seeder.php(59): Illuminate/Database/Seeder->__invoke(Array)
#14 D:/Tugas Kuliah/Semester 6/Pemrograman Web/praktikum-6/database/seeders/DatabaseSeeder.php(15): Illuminate/Database/Seeder->call('Database//Seeder...')
#15 D:/Tugas Kuliah/Semester 6/Pemrograman Web/praktikum-6/vendor/laravel/framework/src/Illuminate/Container/BoundMethod.php(36): Database/Seeders/DatabaseSeeder->run()
#16 D:/Tugas Kuliah/Semester 6/Pemrograman Web/praktikum-6/vendor/laravel/framework/src/Illuminate/Container/Util.php(43): Illuminate/Container/BoundMethod::Illuminate/Container/{closure}()
#17 D:/Tugas Kuliah/Semester 6/Pemrograman Web/praktikum-6/vendor/laravel/framework/src/Illuminate/Container/BoundMethod.php(96): Illuminate/Container/Util::unwrapIfClosure(Object(Closure))
#18 D:/Tugas Kuliah/Semester 6/Pemrograman Web/praktikum-6/vendor/laravel/framework/src/Illuminate/Container/BoundMethod.php(35): Illuminate/Container/BoundMethod::callBoundMethod(Object(Illuminate/Foundation/Application), Array, Object(Closure))
#19 D:/Tugas Kuliah/Semester 6/Pemrograman Web/praktikum-6/vendor/laravel/framework/src/Illuminate/Container/Container.php(799): Illuminate/Container/BoundMethod::call(Object(Illuminate/Foundation/Application), Array, Array, NULL)
#20 D:/Tugas Kuliah/Semester 6/Pemrograman Web/praktikum-6/vendor/laravel/framework/src/Illuminate/Database/Seeder.php(184): Illuminate/Container/Container->call(Array, Array)
#21 D:/Tugas Kuliah/Semester 6/Pemrograman Web/praktikum-6/vendor/laravel/framework/src/Illuminate/Database/Seeder.php(193): Illuminate/Database/Seeder->Illuminate/Database/{closure}()
#22 D:/Tugas Kuliah/Semester 6/Pemrograman Web/praktikum-6/vendor/laravel/framework/src/Illuminate/Database/Console/Seeds/SeedCommand.php(71): Illuminate/Database/Seeder->__invoke()
#23 D:/Tugas Kuliah/Semester 6/Pemrograman Web/praktikum-6/vendor/laravel/framework/src/Illuminate/Database/Eloquent/Concerns/GuardsAttributes.php(157): Illuminate/Database/Console/Seeds/SeedCommand->Illuminate/Database/Console/Seeds/{closure}()
#24 D:/Tugas Kuliah/Semester 6/Pemrograman Web/praktikum-6/vendor/laravel/framework/src/Illuminate/Database/Console/Seeds/SeedCommand.php(70): Illuminate/Database/Eloquent/Model::unguarded(Object(Closure))
#25 D:/Tugas Kuliah/Semester 6/Pemrograman Web/praktikum-6/vendor/laravel/framework/src/Illuminate/Container/BoundMethod.php(36): Illuminate/Database/Console/Seeds/SeedCommand->handle()
#26 D:/Tugas Kuliah/Semester 6/Pemrograman Web/praktikum-6/vendor/laravel/framework/src/Illuminate/Container/Util.php(43): Illuminate/Container/BoundMethod::Illuminate/Container/{closure}()
#27 D:/Tugas Kuliah/Semester 6/Pemrograman Web/praktikum-6/vendor/laravel/framework/src/Illuminate/Container/BoundMethod.php(96): Illuminate/Container/Util::unwrapIfClosure(Object(Closure))
#28 D:/Tugas Kuliah/Semester 6/Pemrograman Web/praktikum-6/vendor/laravel/framework/src/Illuminate/Container/BoundMethod.php(35): Illuminate/Container/BoundMethod::callBoundMethod(Object(Illuminate/Foundation/Application), Array, Object(Closure))
#29 D:/Tugas Kuliah/Semester 6/Pemrograman Web/praktikum-6/vendor/laravel/framework/src/Illuminate/Container/Container.php(799): Illuminate/Container/BoundMethod::call(Object(Illuminate/Foundation/Application), Array, Array, NULL)
#30 D:/Tugas Kuliah/Semester 6/Pemrograman Web/praktikum-6/vendor/laravel/framework/src/Illuminate/Console/Command.php(211): Illuminate/Container/Container->call(Array)
#31 D:/Tugas Kuliah/Semester 6/Pemrograman Web/praktikum-6/vendor/symfony/console/Command/Command.php(341): Illuminate/Console/Command->execute(Object(Symfony/Component/Console/Input/ArrayInput), Object(Illuminate/Console/OutputStyle))
#32 D:/Tugas Kuliah/Semester 6/Pemrograman Web/praktikum-6/vendor/laravel/framework/src/Illuminate/Console/Command.php(180): Symfony/Component/Console/Command/Command->run(Object(Symfony/Component/Console/Input/ArrayInput), Object(Illuminate/Console/OutputStyle))
#33 D:/Tugas Kuliah/Semester 6/Pemrograman Web/praktikum-6/vendor/laravel/framework/src/Illuminate/Console/Concerns/CallsCommands.php(68): Illuminate/Console/Command->run(Object(Symfony/Component/Console/Input/ArrayInput), Object(Illuminate/Console/OutputStyle))
#34 D:/Tugas Kuliah/Semester 6/Pemrograman Web/praktikum-6/vendor/laravel/framework/src/Illuminate/Console/Concerns/CallsCommands.php(29): Illuminate/Console/Command->runCommand('db:seed', Array, Object(Illuminate/Console/OutputStyle))
#35 D:/Tugas Kuliah/Semester 6/Pemrograman Web/praktikum-6/vendor/laravel/framework/src/Illuminate/Database/Console/Migrations/FreshCommand.php(128): Illuminate/Console/Command->call('db:seed', Array)
#36 D:/Tugas Kuliah/Semester 6/Pemrograman Web/praktikum-6/vendor/laravel/framework/src/Illuminate/Database/Console/Migrations/FreshCommand.php(104): Illuminate/Database/Console/Migrations/FreshCommand->runSeeder(NULL)
#37 D:/Tugas Kuliah/Semester 6/Pemrograman Web/praktikum-6/vendor/laravel/framework/src/Illuminate/Container/BoundMethod.php(36): Illuminate/Database/Console/Migrations/FreshCommand->handle()
#38 D:/Tugas Kuliah/Semester 6/Pemrograman Web/praktikum-6/vendor/laravel/framework/src/Illuminate/Container/Util.php(43): Illuminate/Container/BoundMethod::Illuminate/Container/{closure}()
#39 D:/Tugas Kuliah/Semester 6/Pemrograman Web/praktikum-6/vendor/laravel/framework/src/Illuminate/Container/BoundMethod.php(96): Illuminate/Container/Util::unwrapIfClosure(Object(Closure))
#40 D:/Tugas Kuliah/Semester 6/Pemrograman Web/praktikum-6/vendor/laravel/framework/src/Illuminate/Container/BoundMethod.php(35): Illuminate/Container/BoundMethod::callBoundMethod(Object(Illuminate/Foundation/Application), Array, Object(Closure))
#41 D:/Tugas Kuliah/Semester 6/Pemrograman Web/praktikum-6/vendor/laravel/framework/src/Illuminate/Container/Container.php(799): Illuminate/Container/BoundMethod::call(Object(Illuminate/Foundation/Application), Array, Array, NULL)
#42 D:/Tugas Kuliah/Semester 6/Pemrograman Web/praktikum-6/vendor/laravel/framework/src/Illuminate/Console/Command.php(211): Illuminate/Container/Container->call(Array)
#43 D:/Tugas Kuliah/Semester 6/Pemrograman Web/praktikum-6/vendor/symfony/console/Command/Command.php(341): Illuminate/Console/Command->execute(Object(Symfony/Component/Console/Input/ArgvInput), Object(Illuminate/Console/OutputStyle))
#44 D:/Tugas Kuliah/Semester 6/Pemrograman Web/praktikum-6/vendor/laravel/framework/src/Illuminate/Console/Command.php(180): Symfony/Component/Console/Command/Command->run(Object(Symfony/Component/Console/Input/ArgvInput), Object(Illuminate/Console/OutputStyle))
#45 D:/Tugas Kuliah/Semester 6/Pemrograman Web/praktikum-6/vendor/symfony/console/Application.php(1117): Illuminate/Console/Command->run(Object(Symfony/Component/Console/Input/ArgvInput), Object(Symfony/Component/Console/Output/ConsoleOutput))
#46 D:/Tugas Kuliah/Semester 6/Pemrograman Web/praktikum-6/vendor/symfony/console/Application.php(356): Symfony/Component/Console/Application->doRunCommand(Object(Illuminate/Database/Console/Migrations/FreshCommand), Object(Symfony/Component/Console/Input/ArgvInput), Object(Symfony/Component/Console/Output/ConsoleOutput))
#47 D:/Tugas Kuliah/Semester 6/Pemrograman Web/praktikum-6/vendor/symfony/console/Application.php(195): Symfony/Component/Console/Application->doRun(Object(Symfony/Component/Console/Input/ArgvInput), Object(Symfony/Component/Console/Output/ConsoleOutput))
#48 D:/Tugas Kuliah/Semester 6/Pemrograman Web/praktikum-6/vendor/laravel/framework/src/Illuminate/Foundation/Console/Kernel.php(198): Symfony/Component/Console/Application->run(Object(Symfony/Component/Console/Input/ArgvInput), Object(Symfony/Component/Console/Output/ConsoleOutput))
#49 D:/Tugas Kuliah/Semester 6/Pemrograman Web/praktikum-6/vendor/laravel/framework/src/Illuminate/Foundation/Application.php(1235): Illuminate/Foundation/Console/Kernel->handle(Object(Symfony/Component/Console/Input/ArgvInput), Object(Symfony/Component/Console/Output/ConsoleOutput))
#50 D:/Tugas Kuliah/Semester 6/Pemrograman Web/praktikum-6/artisan(16): Illuminate/Foundation/Application->handleCommand(Object(Symfony/Component/Console/Input/ArgvInput))
#51 {main}
"} 
